days,miles,receipts,output,predicted_custom,error_custom
3,93.0,1.42,364.51,435.01815180722883,70.50815180722884
1,55.0,3.6,126.06,267.20344891304353,141.14344891304353
1,47.0,17.97,128.91,270.2951489130435,141.38514891304348
2,13.0,4.67,203.52,375.19633220338983,171.67633220338982
3,88.0,5.78,380.37,435.05575180722883,54.685751807228826
1,76.0,13.74,158.35,278.7108489130435,120.3608489130435
3,41.0,4.52,320.12,418.08915180722886,97.96915180722885
1,140.0,22.71,199.68,304.78854891304354,105.10854891304353
3,121.0,21.17,464.07,452.91565180722887,11.154348192771124
3,117.0,21.99,359.1,451.8518518072288,92.75185180722877
2,202.0,21.24,356.17,448.1400322033898,91.97003220338979
3,80.0,21.05,366.87,438.5164518072288,71.6464518072288
2,21.0,20.04,204.58,384.2980322033899,179.71803220338987
3,177.0,18.73,430.86,471.5152518072288,40.65525180722881
1,141.0,10.15,195.14,299.9889489130435,104.8489489130435
1,58.0,5.86,117.24,269.1800489130435,151.94004891304348
1,133.0,8.34,179.06,296.4468489130435,117.38684891304348
1,59.0,8.31,120.65,270.53454891304347,149.88454891304346
2,89.0,13.85,234.2,405.5601322033898,171.3601322033898
2,147.0,17.43,325.56,427.3279322033898,101.76793220338982
5,130.0,306.9,574.1,779.6216580357143,205.52165803571427
5,173.0,1337.9,1443.96,1217.3816580357143,226.57834196428576
5,592.0,433.75,869.0,993.3301580357142,124.33015803571425
5,679.0,476.08,1030.41,1041.1354580357142,10.725458035714155
5,708.0,1129.52,1654.62,1319.1958580357143,335.4241419642856
5,261.0,464.94,621.12,890.2680580357144,269.14805803571437
5,794.0,511.0,1139.94,1095.7026580357142,44.23734196428586
5,521.0,1448.55,1624.01,1384.548158035714,239.4618419642859
5,595.0,863.93,1231.67,1170.7539580357143,60.916041964285796
5,811.0,952.39,1608.6,1282.6225580357143,325.9774419642856
5,477.0,704.42,1045.96,1064.0548580357142,18.094858035714196
5,730.0,485.73,991.49,1062.9419580357144,71.45195803571437
5,262.0,1173.79,1485.59,1181.2465580357143,304.3434419642856
5,446.0,219.98,788.62,854.5844580357143,65.9644580357143
5,751.0,407.43,1063.46,1038.1889580357142,25.271041964285814
5,324.0,128.94,686.54,774.5580580357143,88.01805803571438
5,414.0,967.0,1368.94,1149.6626580357142,219.27734196428582
5,367.0,290.78,742.25,855.9624580357142,113.71245803571423
5,764.0,848.75,1468.46,1223.6801580357142,244.77984196428588
5,249.0,873.75,1185.24,1053.6801580357144,131.55984196428562
8,862.0,1817.85,1719.37,1757.4382853658537,38.06828536585385
11,927.0,1994.33,1779.12,1950.821761764706,171.70176176470613
9,602.0,186.69,1085.4,1039.418577464789,45.981422535211095
8,610.0,208.29,841.27,1009.3186853658538,168.04868536585377
12,333.0,1103.21,1618.13,1400.3176635135135,217.81233648648663
8,435.0,1129.65,1525.26,1325.8262853658537,199.43371463414633
9,218.0,1203.45,1561.63,1321.8901774647888,239.73982253521126
12,781.0,1159.18,1752.72,1580.0653635135134,172.65463648648665
11,916.0,1036.91,2098.07,1554.429561764706,543.6404382352941
10,358.0,2066.62,1624.11,1728.7760539682538,104.66605396825389
12,566.0,2013.7,1752.03,1855.1685635135134,103.13856351351342
9,954.0,1483.39,2024.2,1694.2655774647887,329.9344225352113
9,534.0,1929.94,1624.87,1730.351077464789,105.481077464789
12,765.0,1343.97,1953.03,1650.2292635135136,302.80073648648636
8,630.0,967.69,1388.05,1327.6726853658538,60.37731463414616
10,909.0,696.0,1505.19,1359.6718539682538,145.51814603174626
10,223.0,745.89,1037.45,1140.0267539682538,102.5767539682538
8,467.0,1178.71,1483.33,1357.1408853658538,126.18911463414611
9,708.0,461.07,1110.6,1189.0143774647888,78.41437746478891
9,885.0,1764.97,1694.37,1785.563377464789,91.19337746478914
6,855.0,591.35,1339.72,1249.7233870967743,89.9966129032257
2,993.0,54.24,715.19,738.5200322033897,23.330032203389692
5,685.0,747.14,1216.36,1154.3700580357142,61.98994196428566
3,981.0,341.45,813.95,885.2304518072287,71.2804518072287
5,770.0,873.33,1502.49,1235.8579580357143,266.6320419642857
6,697.0,651.64,1237.71,1219.1422870967742,18.56771290322581
3,795.0,450.85,743.94,864.9844518072289,121.04445180722882
3,606.0,1184.23,1364.54,1099.5202518072288,265.0197481927712
3,842.0,865.37,1251.14,1051.3876518072288,199.75234819277125
7,748.0,241.73,971.31,1135.6178820895523,164.30788208955232
7,624.0,148.16,905.79,1053.854182089552,148.0641820895521
2,713.0,740.33,1048.28,921.8169322033898,126.46306779661018
3,874.0,1191.4,1515.99,1196.2599518072288,319.73004819277116
6,761.0,530.19,1120.1,1191.7477870967741,71.64778709677421
1,815.0,97.89,539.36,571.8623489130434,32.50234891304342
1,601.0,497.7,644.12,660.8844489130435,16.764448913043452
7,817.0,1127.87,1809.91,1523.0852820895523,286.8247179104478
1,606.0,923.0,1050.05,837.0074489130435,213.04255108695645
1,909.0,741.82,866.07,868.7736489130435,2.70364891304348
3,624.0,1160.92,1459.34,1096.263151807229,363.07684819277097
4,650.0,619.49,676.38,961.610928358209,285.230928358209
6,204.0,818.99,628.4,1115.2057870967742,486.8057870967742
1,263.0,396.49,198.42,501.0883489130435,302.6683489130435
1,451.0,555.49,162.18,632.0783489130436,469.89834891304355
10,424.0,474.99,831.96,1099.307753968254,267.347753968254
2,565.0,389.49,415.96,726.1725322033899,310.2125322033899
9,397.0,348.49,913.29,1034.006577464789,120.716577464789
1,532.0,413.99,355.57,602.4133489130435,246.84334891304349
2,384.0,495.49,290.36,706.2825322033898,415.9225322033898
5,754.0,489.99,765.13,1073.0885580357144,307.9585580357144
1,344.46,813.85,707.88,700.7169489130436,7.163051086956443
3,906.3,540.03,848.42,940.5032518072287,92.08325180722875
3,1007.56,187.52,764.64,831.4151518072288,66.77515180722878
1,359.62,221.15,255.57,463.01594891304353,207.44594891304354
1,362.79,749.19,636.51,680.6218489130436,44.11184891304356
1,288.72,159.26,303.94,412.8260489130435,108.88604891304351
2,782.17,830.72,1165.44,983.0863322033897,182.35366779661035
2,623.18,347.54,625.15,729.3360322033898,104.1860322033898
3,1061.15,388.5,693.36,932.5734518072288,239.2134518072288
1,252.75,285.5,331.74,451.99494891304346,120.25494891304345
3,1020.39,250.62,779.08,861.7766518072287,82.6966518072287
1,257.97,816.81,738.01,671.6590489130434,66.35095108695657
3,1025.03,592.55,992.4,1003.5919518072287,11.191951807228747
2,794.32,402.31,671.06,811.6907322033899,140.63073220338993
1,276.85,485.54,361.66,542.4463489130435,180.78634891304347
2,851.68,473.96,650.68,861.1432322033897,210.4632322033898
3,859.12,611.07,960.47,953.1166518072289,7.353348192771136
3,1317.07,476.87,787.42,1058.3771518072288,270.9571518072288
1,388.1,827.37,741.46,721.5341489130435,19.925851086956527
1,264.39,758.27,636.19,649.9046489130435,13.714648913043447
5,198.21,594.83,807.48,921.5464580357144,114.06645803571439
6,72.85,457.75,666.59,921.1948870967742,254.60488709677418
8,297.64,481.09,835.08,1011.8406853658537,176.76068536585365
7,237.33,1262.27,1452.17,1375.304782089552,76.86521791044811
5,195.73,1228.49,511.23,1180.4790580357142,669.2490580357141
8,276.28,1179.9,1522.6,1290.8767853658537,231.7232146341462
8,302.24,1046.04,1353.77,1245.0801853658536,108.68981463414639
8,266.87,252.08,880.41,907.1770853658537,26.767085365853745
9,310.69,239.64,828.16,959.1695774647889,131.0095774647889
6,222.08,709.07,1031.34,1076.4665870967742,45.1265870967743
8,264.94,720.67,1019.85,1098.6234853658536,78.77348536585362
8,161.15,1230.37,1499.24,1271.2739853658536,227.9660146341464
9,259.96,554.74,835.54,1070.6050774647888,235.06507746478883
9,97.85,518.56,850.57,999.0327774647889,148.46277746478881
9,194.34,1054.93,1374.9,1252.715977464789,122.18402253521117
9,332.35,374.61,830.45,1022.0882774647889,191.63827746478887
5,126.44,696.14,845.35,937.9640580357144,92.61405803571438
5,66.13,848.03,1050.25,979.1304580357142,71.11954196428576
6,135.34,1144.13,1478.11,1224.4821870967742,253.62781290322573
6,233.7,346.98,648.57,932.0766870967742,283.50668709677416
9,849.0,1007.41,1785.47,1462.363777464789,323.1062225352109
6,806.0,1760.64,1718.76,1711.9822870967741,6.777712903225847
8,891.0,1194.36,2016.46,1511.9573853658535,504.50261463414654
9,1182.0,1342.24,2164.15,1716.194077464789,447.95592253521113
7,1010.0,1514.03,2063.98,1748.9608820895523,315.0191179104477
8,892.0,1768.53,1902.37,1747.7170853658538,154.6529146341461
6,825.0,1692.73,1817.77,1690.7891870967742,126.9808129032258
8,1118.0,1758.52,1852.47,1822.7129853658537,29.757014634146344
8,1064.0,1756.52,1857.04,1802.9929853658537,54.04701463414631
6,811.0,1252.04,1771.8,1505.206287096774,266.5937129032259
7,889.0,1417.96,1826.08,1667.2221820895525,158.85781791044747
9,1012.0,1429.04,1880.76,1692.282077464789,188.47792253521106
6,909.0,1332.18,1720.21,1572.3636870967744,147.84631290322568
9,1096.0,1690.22,1894.85,1828.765877464789,66.08412253521101
9,913.0,1021.29,1964.86,1490.4545774647888,474.4054225352111
6,1006.0,1219.71,1803.97,1560.200987096774,243.76901290322598
6,907.0,1650.17,1737.86,1702.0395870967743,35.82041290322559
9,816.0,1171.81,1780.58,1518.2177774647887,262.36222253521123
7,1006.0,1181.33,2279.82,1611.153882089552,668.6661179104481
6,835.0,1404.28,1765.79,1576.0246870967742,189.76531290322578
12,528.0,2476.41,1662.88,2031.5796635135132,368.6996635135131
4,69.0,2321.49,322.0,1456.080928358209,1134.080928358209
11,1179.0,31.36,1550.55,1234.2040617647062,316.3459382352937
13,756.0,954.4,1793.07,1594.584154347826,198.48584565217402
1,123.0,2076.65,1171.68,1140.9539489130434,30.72605108695666
3,1162.0,2152.66,1434.71,1691.1765518072286,256.4665518072286
1,822.0,2170.53,1374.91,1424.0947489130435,49.18474891304345
11,558.0,1549.86,1823.47,1639.4390617647061,184.0309382352939
2,753.0,1111.16,1353.87,1087.85723220339,266.01276779661
10,224.0,407.51,794.7,1001.6409539682539,206.9409539682539
6,383.0,462.79,800.3,1031.8137870967741,231.5137870967742
8,1005.0,1391.37,1987.39,1632.6314853658537,354.7585146341464
10,1145.0,311.43,1366.61,1284.5981539682539,82.01184603174602
5,1004.0,2367.63,1743.85,1930.4209580357142,186.57095803571428
5,873.0,1402.35,1676.79,1488.8061580357141,187.98384196428583
2,165.0,1813.32,1273.45,1169.9428322033898,103.50716779661025
5,1076.0,190.33,879.65,1062.9279580357143,183.27795803571428
12,986.0,2390.92,1760.0,2156.8287635135134,396.8287635135134
7,948.0,657.17,1578.97,1375.948282089552,203.02171791044793
3,429.0,2400.13,1411.95,1536.0892518072287,124.13925180722867
4,362.0,646.43,788.53,871.8563283582089,83.32632835820891
2,622.0,1871.56,1494.23,1353.7712322033897,140.45876779661035
1,140.0,255.99,150.34,400.4333489130435,250.0933489130435
8,123.0,612.55,851.24,1004.6152853658537,153.37528536585364
4,87.0,2463.92,1413.52,1520.777228358209,107.25722835820898
10,164.0,1144.9,1516.43,1282.9708539682542,233.45914603174583
1,989.0,2196.84,1439.17,1493.3318489130434,54.161848913043286
4,470.0,1968.63,1501.1,1451.758328358209,49.34167164179098
1,37.0,1397.17,1092.94,832.2671489130436,260.6728510869565
8,488.0,439.7,1030.13,1061.4967853658536,31.366785365853502
12,757.0,897.4,1780.07,1464.3355635135135,315.7344364864864
14,958.0,1727.76,2065.16,1980.7852407407404,84.37475925925946
2,456.0,2390.7,1342.39,1508.5186322033896,166.12863220338954
5,733.0,41.18,771.83,881.7264580357144,109.89645803571432
5,291.0,1279.7,1477.12,1234.8196580357144,242.3003419642855
10,478.0,2091.79,1568.41,1781.0957539682538,212.68575396825372
8,817.0,1455.73,1847.26,1593.2190853658537,254.04091463414625
6,1043.0,1404.35,1807.42,1648.8533870967742,158.56661290322586
2,958.0,1855.58,1549.54,1464.8194322033899,84.72056779661011
9,524.0,474.75,935.4,1130.223177464789,194.82317746478896
6,45.0,81.59,522.58,757.2217870967743,234.64178709677424
8,342.0,2259.06,1502.02,1756.3343853658537,254.3143853658537
12,379.0,1897.29,1682.98,1741.9904635135135,59.010463513513514
6,333.0,1254.68,1585.02,1338.9886870967741,246.03131290322585
2,634.0,1739.81,1490.51,1303.9537322033898,186.5562677966102
5,285.0,974.73,1282.84,1107.6819580357144,175.15804196428553
12,33.0,1249.13,1707.38,1355.1448635135137,352.23513648648645
9,118.0,1285.82,1539.77,1320.6618774647889,219.10812253521112
1,420.0,2273.6,1220.35,1325.6534489130433,105.30344891304344
11,312.0,2072.39,1586.22,1767.576361764706,181.35636176470598
10,753.0,2054.02,1779.08,1861.860053968254,82.78005396825415
5,125.0,96.38,570.99,691.5584580357144,120.56845803571434
6,597.0,888.84,1395.65,1281.3942870967742,114.25571290322591
12,1065.0,203.2,1408.25,1287.5135635135134,120.73643648648658
1,214.0,540.03,402.81,542.7897489130435,139.97974891304347
11,886.0,922.66,1852.24,1497.087061764706,355.15293823529396
10,621.0,978.73,1656.28,1374.7911539682539,281.4888460317461
4,1000.0,2355.34,1699.56,1795.809428358209,96.24942835820912
13,534.0,1765.96,1881.36,1849.623754347826,31.73624565217392
6,475.0,1800.71,1671.23,1612.5609870967742,58.66901290322585
11,623.0,2265.21,1739.18,1955.482561764706,216.30256176470584
1,620.0,973.91,1112.02,862.7805489130435,249.23945108695648
13,1004.0,1757.75,1960.67,2010.7576543478262,50.087654347826174
8,962.0,1929.63,1897.19,1838.2680853658537,58.92191463414633
14,516.0,1464.67,1842.1,1718.2183407407404,123.88165925925955
11,685.0,2272.75,1873.94,1980.2739617647062,106.33396176470615
3,307.0,266.21,540.97,618.4820518072288,77.51205180722877
3,375.0,1346.21,1339.93,1085.0820518072287,254.84794819277136
4,1124.0,2177.18,1567.43,1766.1638283582088,198.7338283582087
3,779.0,2110.9,1520.73,1540.0049518072287,19.274951807228717
8,1173.0,671.25,1419.34,1396.1822853658537,23.15771463414626
14,47.0,1667.14,1745.18,1637.0810407407405,108.09895925925957
3,981.0,2008.83,1539.47,1568.8562518072285,29.38625180722852
5,516.0,1450.67,1547.5,1383.6673580357142,163.8326419642858
6,471.0,332.51,872.19,1009.1989870967742,137.00898709677415
2,941.0,1565.77,1432.79,1340.0473322033897,92.74266779661025
10,377.0,301.96,837.36,1011.915453968254,174.55545396825403
7,273.0,285.83,793.58,987.4488820895522,193.86888208955213
1,458.0,834.7,737.28,749.0044489130435,11.724448913043489
11,772.0,932.31,1575.52,1461.143561764706,114.37643823529402
11,36.0,1541.47,1593.24,1453.299161764706,139.940838235294
12,211.0,1048.29,1579.73,1335.1004635135134,244.6295364864866
7,987.0,2164.1,1839.67,2007.4395820895522,167.76958208955216
9,662.0,2275.59,1599.27,1916.8675774647888,317.59757746478886
12,96.0,1164.37,1553.21,1342.4432635135133,210.7667364864867
5,569.0,1856.7,1623.81,1568.6896580357143,55.12034196428567
12,128.0,477.17,874.99,1071.8912635135134,196.9012635135134
4,886.0,2401.28,1698.0,1774.744828358209,76.7448283582089
13,19.0,807.27,1331.53,1276.310854347826,55.21914565217389
8,275.0,2347.09,1454.47,1768.9766853658539,314.50668536585385
9,963.0,588.5,1434.42,1330.5106774647888,103.90932253521123
14,1056.0,2489.69,1894.16,2327.4765407407403,433.31654074074027
5,728.0,423.16,947.72,1036.5882580357143,88.86825803571423
4,286.0,1063.49,418.17,1016.250928358209,598.0809283582089
11,332.0,1352.48,1663.39,1479.4132617647062,183.97673823529385
12,49.0,1118.38,1494.81,1307.1373635135137,187.67263648648623
2,18.0,2503.46,1206.95,1401.4502322033898,194.50023220338971
14,592.0,1268.36,1930.24,1664.3312407407404,265.90875925925957
3,892.0,171.32,875.39,784.3271518072288,91.06284819277118
11,741.0,1872.39,1847.08,1835.7263617647059,11.353638235294056
14,807.0,2358.41,1819.41,2186.5017407407404,367.0917407407403
5,873.0,1584.53,1796.7,1563.4999580357141,233.2000419642859
3,1159.0,2209.44,1434.84,1713.406351807229,278.566351807229
11,920.0,1338.65,1871.27,1679.542961764706,191.727038235294
1,388.0,390.7,332.06,542.4644489130435,210.4044489130435
9,576.0,1059.79,1547.5,1388.2895774647889,159.21042253521114
9,524.0,2367.12,1640.78,1906.0948774647886,265.31487746478865
10,459.0,2183.11,1559.59,1811.8869539682541,252.29695396825423
4,725.0,588.9,1097.95,975.3190283582089,122.63097164179112
1,992.0,958.87,1222.41,986.8141489130435,235.5958510869566
10,536.0,2194.42,1615.13,1843.4740539682539,228.34405396825377
11,1126.0,1593.03,2143.74,1855.938761764706,287.8012382352938
10,314.0,1098.8,1539.1,1316.5698539682542,222.53014603174574
1,9.0,2246.28,1120.22,1170.6022489130437,50.38224891304367
11,706.0,1508.23,2030.59,1674.170761764706,356.41923823529396
10,976.0,2166.02,1775.03,1985.8300539682539,210.8000539682539
5,1028.0,653.19,1313.95,1235.9005580357143,78.04944196428573
8,1166.0,99.47,1149.07,1159.3024853658537,10.23248536585379
12,882.0,1958.14,1944.88,1942.9889635135135,1.8910364864866551
11,448.0,732.79,1090.35,1265.940361764706,175.59036176470613
7,623.0,1691.39,1800.86,1686.2284820895522,114.63151791044766
3,127.0,293.49,303.2,566.6668518072289,263.4668518072289
12,218.0,486.02,1005.67,1107.0197635135135,101.3497635135135
3,1166.0,530.44,785.59,1027.4663518072289,241.87635180722884
11,17.0,550.58,830.07,1040.3842617647063,210.3142617647062
9,696.0,1749.97,1649.49,1713.2633774647888,63.77337746478884
4,305.0,125.79,664.43,638.443928358209,25.986071641791
12,104.0,1300.05,1779.92,1400.8720635135137,379.0479364864864
1,303.0,931.53,857.42,734.4547489130434,122.96525108695653
8,1012.0,2390.84,1732.12,2044.864185365854,312.74418536585404
9,938.0,2224.29,1913.87,1992.4345774647888,78.56457746478895
3,471.0,288.19,535.67,684.8938518072289,149.22385180722893
5,72.0,977.67,1156.55,1034.3373580357143,122.2126419642857
10,160.0,2272.56,1642.15,1743.911453968254,101.76145396825382
10,965.0,1851.28,1805.77,1852.936653968254,47.16665396825397
3,266.0,2178.16,1447.95,1388.0315518072287,59.91844819277139
12,734.0,2491.82,1792.31,2109.9977635135137,317.6877635135138
12,64.0,1641.01,1710.72,1526.6656635135137,184.05433648648636
9,497.0,1845.08,1674.09,1682.6084774647888,8.51847746478893
3,781.0,1801.38,1586.21,1413.8017518072288,172.40824819277123
3,158.0,1070.74,1183.16,896.1893518072288,286.97064819277125
3,1096.0,200.27,802.96,867.5966518072288,64.63665180722876
11,1116.0,2067.8,1987.44,2047.094461764706,59.65446176470596
10,831.0,39.86,982.64,1063.354453968254,80.7144539682539
14,124.0,1064.64,1761.68,1417.0060407407407,344.6739592592594
4,10.0,1262.73,1261.41,1001.339328358209,260.07067164179114
5,955.0,106.86,897.78,986.3552580357143,88.57525803571434
7,1176.0,2489.13,1921.16,2206.851882089552,285.6918820895519
6,803.0,465.6,1012.0,1179.9658870967742,167.96588709677417
9,868.0,62.12,1022.81,1081.444877464789,58.63487746478904
1,181.0,128.05,225.12,362.32794891304354,137.20794891304354
3,70.0,631.88,564.16,685.4567518072288,121.29675180722882
8,1090.0,419.76,1189.47,1264.0213853658538,74.55138536585378
14,1184.0,2269.89,1943.24,2282.1585407407406,338.9185407407406
1,735.0,1676.9,1365.21,1191.2564489130436,173.9535510869564
2,547.0,119.09,509.52,609.0085322033899,99.48853220338992
11,265.0,218.66,949.34,991.097061764706,41.75706176470601
10,223.0,886.32,1305.54,1197.603053968254,107.93694603174595
12,959.0,1947.82,1833.24,1965.7077635135133,132.46776351351332
11,498.0,1578.39,1793.52,1630.136361764706,163.38363823529403
14,127.0,988.4,1688.9,1386.7976407407405,302.10235925925963
3,621.0,214.08,779.66,707.0087518072288,72.65124819277116
6,1193.0,2241.5,1839.47,2044.584887096774,205.11488709677405
4,448.0,2055.97,1497.46,1479.8677283582088,17.592271641791285
8,466.0,2064.63,1558.12,1720.0180853658535,161.8980853658536
12,229.0,1216.16,1696.65,1410.2271635135137,286.4228364864864
13,658.0,559.48,1573.12,1398.366954347826,174.7530456521738
13,1034.0,2477.98,1842.24,2316.5519543478263,474.31195434782626
4,842.0,2464.29,1611.66,1785.178928358209,173.518928358209
13,837.0,1218.93,1921.68,1731.391454347826,190.28854565217398
11,927.0,1306.37,1804.68,1668.758161764706,135.921838235294
4,1047.0,1657.68,1605.84,1526.2188283582088,79.62117164179108
4,262.0,1681.28,1435.34,1261.144828358209,174.19517164179092
7,1126.0,1103.75,2014.72,1621.346082089552,393.373917910448
5,781.0,672.91,1125.36,1157.5357580357143,32.17575803571435
5,831.0,591.65,1090.31,1141.7191580357144,51.40915803571443
7,1089.0,1026.25,2132.85,1576.6210820895521,556.2289179104478
1,793.0,2171.07,1421.36,1414.1661489130433,7.193851086956556
9,368.0,495.12,847.33,1083.974877464789,236.64487746478892
6,818.0,1130.38,1704.06,1457.7756870967742,246.28431290322578
11,667.0,1915.95,1732.2,1827.6859617647062,95.48596176470619
2,267.0,2116.93,1349.04,1330.1229322033898,18.917067796610127
10,1083.0,2105.36,1844.58,1998.409453968254,153.82945396825403
13,529.0,1767.79,2015.18,1848.6240543478261,166.55594565217393
9,1155.0,1346.4,2248.12,1708.449677464789,539.670322535211
7,1185.0,1768.01,2072.18,1914.3426820895522,157.8373179104476
5,763.0,1420.94,1777.14,1457.9280580357142,319.21194196428587
7,368.0,1231.69,1550.04,1408.5014820895522,141.5385179104478
6,659.0,322.1,972.58,1070.7308870967743,98.15088709677423
14,1138.0,518.18,1696.86,1547.8574407407405,149.00255925925944
6,172.0,1977.78,1603.89,1579.1096870967742,24.780312903225877
6,628.0,311.47,903.3,1055.5225870967743,152.2225870967743
2,500.0,1246.48,1264.53,1054.7884322033897,209.7415677966103
8,7.0,2075.6,1422.12,1563.8657853658535,141.74578536585364
5,942.0,2092.87,1696.72,1796.0693580357145,99.34935803571443
12,81.0,2485.34,1589.65,1878.7909635135134,289.14096351351327
4,166.0,791.52,866.18,862.743228358209,3.4367716417909833
3,213.0,1724.85,1344.71,1183.6244518072288,161.08554819277128
11,1004.0,167.15,1175.65,1228.627961764706,52.977961764705924
5,116.0,478.1,624.04,844.9136580357143,220.87365803571436
13,112.0,2299.56,1807.67,1920.6997543478262,113.02975434782616
1,43.0,2149.22,1134.47,1142.7076489130434,8.237648913043358
2,660.0,1944.4,1531.2,1396.9356322033898,134.26436779661026
10,888.0,298.68,1171.54,1189.420653968254,17.880653968254137
10,860.0,2380.76,1759.97,2033.2734539682542,273.3034539682542
10,1187.0,1981.09,2013.21,1983.858753968254,29.351246031746086
12,1139.0,124.65,1314.3,1281.2080635135135,33.091936486486475
5,966.0,359.51,927.98,1093.7917580357143,165.81175803571432
10,796.0,1352.08,2000.19,1589.1146539682538,411.0753460317462
9,72.0,1281.32,1515.54,1302.716877464789,212.82312253521104
10,215.0,2440.91,1638.66,1832.184953968254,193.52495396825384
7,671.0,1297.02,1703.2,1541.3367820895521,161.86321791044793
5,230.0,333.69,538.36,825.6055580357144,287.24555803571434
5,467.0,1243.31,1549.82,1281.4997580357142,268.32024196428574
13,247.0,2339.61,1705.9,1984.3702543478262,278.4702543478261
14,777.0,1248.61,1837.25,1720.9837407407406,116.26625925925941
11,740.0,1171.99,902.09,1548.2123617647062,646.1223617647062
6,884.0,1798.31,1897.87,1754.7269870967743,143.14301290322555
5,789.0,1853.31,1792.88,1644.2997580357141,148.58024196428596
4,825.0,874.99,784.52,1127.615928358209,343.095928358209
2,301.0,769.23,731.28,789.4659322033898,58.185932203389825
12,1007.0,1353.77,1925.32,1738.9472635135137,186.37273648648625
5,865.0,644.79,1202.46,1175.4065580357142,27.053441964285867
14,81.0,1251.97,1682.62,1478.7613407407403,203.85865925925964
8,1159.0,2175.27,1752.18,2007.9304853658537,255.7504853658536
11,496.0,373.98,1152.99,1135.628261764706,17.36173823529407
1,752.0,1632.35,1362.39,1178.9409489130435,183.44905108695662
5,1014.0,1853.57,1749.31,1723.1563580357142,26.153641964285725
9,686.0,145.66,972.95,1051.9962774647888,79.04627746478877
5,654.0,1272.89,1724.68,1359.0775580357144,365.6024419642856
8,621.0,2391.34,1593.12,1908.2191853658537,315.0991853658538
9,1080.0,539.51,1306.91,1351.3747774647888,44.46477746478877
10,714.0,269.06,1067.81,1116.376453968254,48.56645396825411
10,816.0,1425.64,1872.81,1626.274253968254,246.53574603174593
14,1122.0,1766.25,2239.35,2053.9661407407402,185.38385925925968
4,1202.0,1074.87,1501.24,1341.5167283582089,159.72327164179114
5,651.0,1573.3,1682.08,1481.1956580357141,200.8843419642858
14,1100.0,237.69,1265.57,1419.5565407407405,153.98654074074057
14,296.0,485.68,924.9,1239.8324407407404,314.9324407407404
1,697.0,2148.5,1421.07,1371.3124489130435,49.75755108695648
6,1044.0,47.46,1133.45,1092.8784870967743,40.571512903225766
12,398.0,2481.44,1755.18,1988.1419635135135,232.9619635135134
3,139.0,2428.89,1345.66,1446.3808518072287,100.72085180722866
6,84.0,852.7,1109.32,1087.0268870967743,22.29311290322562
2,423.0,1639.17,1367.64,1188.8413322033898,178.7986677966103
11,815.0,2385.6,1872.44,2072.042461764706,199.60246176470582
6,577.0,897.74,1257.31,1278.0432870967743,20.733287096774347
8,200.0,1508.89,1461.33,1399.0646853658536,62.26531463414631
9,1102.0,540.6,1455.85,1359.5216774647888,96.3283225352111
12,508.0,1970.54,1770.91,1817.1729635135134,46.26296351351334
13,1024.0,1712.85,2097.69,1999.3486543478261,98.34134565217391
7,1161.0,1499.97,1862.45,1796.0462820895523,66.40371791044777
2,730.0,285.24,624.78,741.1800322033898,116.40003220338986
13,996.0,1809.2,1956.89,2029.052154347826,72.16215434782589
5,1160.0,1901.83,1673.89,1794.0429580357143,120.15295803571416
2,1139.0,306.43,726.14,893.0179322033898,166.87793220338983
14,191.0,2442.76,1798.47,2005.4852407407404,207.0152407407404
7,776.0,2447.82,1826.93,2049.9147820895523,222.98478208955225
14,414.0,1919.7,1918.89,1869.0806407407404,49.809359259259736
7,847.0,1994.62,1851.7,1888.952782089552,37.252782089552056
6,924.0,1227.21,1871.76,1534.575987096774,337.18401290322595
2,933.0,1589.58,1489.99,1347.0094322033897,142.98056779661033
1,211.0,958.08,891.9,713.1402489130435,178.7597510869565
10,773.0,865.92,1837.11,1381.739053968254,455.3709460317459
3,196.0,1211.68,1229.87,967.2747518072289,262.595248192771
14,49.0,954.02,1480.87,1345.4018407407407,135.4681592592592
5,477.0,655.24,935.38,1043.8910580357144,108.51105803571443
5,828.0,1606.84,1690.82,1556.8970580357143,133.92294196428566
11,458.0,1364.29,1649.04,1528.355361764706,120.68463823529396
3,289.0,1245.67,1279.31,1013.7606518072288,265.54934819277116
1,1060.0,501.67,658.14,823.1621489130434,165.02214891304345
5,1085.0,2486.43,1664.83,2007.4789580357142,342.64895803571426
4,675.0,381.48,779.68,872.776828358209,93.096828358209
8,415.0,1214.97,1473.75,1353.8074853658536,119.94251463414639
6,425.0,709.75,1114.9,1147.7673870967742,32.86738709677411
7,313.0,2408.02,1637.65,1871.5467820895522,233.89678208955206
13,235.0,426.07,897.26,1195.618854347826,298.3588543478261
7,635.0,1406.31,1630.66,1573.5456820895522,57.11431791044788
10,1009.0,2164.22,1889.87,1996.642053968254,106.77205396825411
3,692.0,450.7,748.57,828.8729518072289,80.30295180722885
2,91.0,1073.76,1013.78,840.8232322033898,172.95676779661017
8,1187.0,1045.91,2047.06,1554.6928853658537,492.3671146341462
14,600.0,1120.05,1847.84,1606.3241407407404,241.5158592592595
5,210.0,710.49,483.34,973.0935580357143,489.7535580357143
12,10.0,1203.1,1564.9,1328.2225635135135,236.6774364864866
1,452.0,275.05,282.89,517.4479489130435,234.55794891304356
4,256.0,2218.74,1476.03,1479.4034283582087,3.3734283582086846
8,312.0,2383.17,1557.27,1796.7194853658536,239.44948536585366
2,1175.0,816.2,1237.62,1114.62363220339,122.99636779661
11,960.0,383.64,1248.46,1301.9888617647061,53.52886176470611
6,690.0,1009.37,1559.83,1363.3615870967742,196.46841290322573
14,487.0,579.29,1516.68,1345.0625407407406,171.61745925925948
8,75.0,315.71,593.83,866.1108853658537,272.2808853658537
13,360.0,271.93,1017.64,1176.171454347826,158.53145434782607
11,708.0,1871.77,1916.37,1823.922161764706,92.44783823529383
3,182.0,347.82,384.77,608.1921518072288,223.42215180722883
10,683.0,2442.92,1643.68,1996.809053968254,353.12905396825386
5,392.0,1264.6,1465.72,1263.9786580357143,201.74134196428577
10,175.0,1443.25,1635.5,1409.144353968254,226.3556460317459
7,577.0,1959.13,1603.6,1779.9018820895524,176.30188208955246
13,799.0,951.92,1793.36,1608.6173543478262,184.74264565217368
13,608.0,370.89,1170.54,1303.5450543478262,133.00505434782622
7,194.0,202.49,686.23,925.6294820895522,239.39948208955218
13,889.0,232.72,1394.38,1345.245354347826,49.134645652174186
7,901.0,136.8,1222.6,1146.146582089552,76.4534179104478
1,698.0,1525.82,1398.75,1116.3636489130436,282.38635108695644
9,592.0,793.55,1235.69,1284.731177464789,49.041177464788916
14,1015.0,871.76,1846.41,1649.7752407407404,196.63475925925968
9,524.0,136.46,848.89,991.524277464789,142.63427746478897
5,781.0,2114.27,1789.85,1748.4933580357142,41.3566419642857
3,200.0,58.24,494.63,495.7643518072288,1.1343518072288248
5,503.0,2335.55,1649.42,1741.9181580357142,92.49815803571414
11,667.0,2221.67,1872.89,1953.031161764706,80.14116176470588
7,336.0,1843.58,1691.68,1648.1763820895521,43.50361791044793
4,217.0,1506.46,1455.37,1173.718628358209,281.651371641791
8,207.0,1146.93,1479.01,1253.1110853658538,225.8989146341462
7,690.0,1807.71,1710.98,1757.369682089552,46.389682089552025
2,251.0,1916.43,1285.2,1242.3179322033898,42.88206779661027
4,627.0,956.98,1337.63,1091.931828358209,245.69817164179108
1,432.0,581.71,448.34,636.1785489130434,187.83854891304344
4,1194.0,2250.51,1691.15,1820.729128358209,129.5791283582089
10,64.0,455.9,774.64,965.480853968254,190.840853968254
8,15.0,377.85,657.8,870.5882853658537,212.78828536585377
11,741.0,1207.39,1878.06,1563.076361764706,314.98363823529394
8,638.0,1007.48,1483.06,1346.7865853658536,136.27341463414632
12,965.0,1700.28,1879.09,1866.3163635135134,12.773636486486566
8,1182.0,990.07,1840.75,1530.0484853658538,310.7015146341462
13,1062.0,869.28,2090.54,1666.7849543478262,423.75504565217375
1,754.0,1220.47,1346.14,1010.7701489130435,335.3698510869566
14,767.0,186.47,1292.77,1282.0063407407406,10.763659259259384
11,775.0,1752.23,1809.29,1798.360761764706,10.929238235293951
8,592.0,1402.98,1561.41,1492.8415853658537,68.5684146341464
6,957.0,727.75,1448.72,1341.3473870967744,107.37261290322567
9,800.0,2167.72,1726.51,1920.9408774647886,194.43087746478864
6,1198.0,222.6,1107.96,1218.585887096774,110.62588709677402
3,1092.0,1737.65,1462.01,1496.522451807229,34.5124518072289
12,958.0,2499.84,1791.69,2191.6859635135133,399.9959635135133
11,955.0,1282.19,2000.42,1668.644361764706,331.7756382352941
11,605.0,1880.69,1711.55,1791.5293617647062,79.97936176470625
7,670.0,1558.02,1702.81,1647.9967820895522,54.81321791044775
11,844.0,1962.77,1787.57,1908.8321617647061,121.2621617647062
3,718.0,1158.02,1416.98,1127.9741518072287,289.0058481927713
6,323.0,1477.23,1608.55,1426.7341870967741,181.81581290322583
14,616.0,2374.41,1828.37,2126.2117407407404,297.84174074074053
8,752.0,1519.78,1662.92,1596.7295853658536,66.19041463414646
1,1166.0,1423.69,1412.13,1238.2903489130435,173.83965108695656
3,1187.0,1632.14,1451.85,1486.513351807229,34.66335180722899
3,1013.0,166.52,711.07,824.7091518072287,113.6391518072287
5,741.0,429.24,951.92,1043.6310580357142,91.71105803571425
14,467.0,2176.26,1809.83,1992.8202407407405,182.99024074074055
3,224.0,358.77,406.36,627.3816518072288,221.02165180722875
3,712.0,512.23,751.16,861.1002518072289,109.94025180722895
12,218.0,901.03,1371.86,1277.1738635135134,94.68613648648648
6,373.0,587.38,956.61,1079.3956870967743,122.78568709677427
8,562.0,2479.33,1478.31,1923.6450853658537,445.33508536585373
5,132.0,2387.03,1454.05,1633.1749580357143,179.12495803571437
3,98.0,871.46,866.05,793.4845518072289,72.5654481927711
14,545.0,1206.76,1977.89,1622.6252407407405,355.26475925925956
1,869.0,1498.88,1398.94,1165.1682489130435,233.77175108695656
2,875.0,393.25,640.56,836.2141322033898,195.65413220338985
8,888.0,2296.07,1718.71,1962.6084853658538,243.89848536585373
1,716.0,1396.41,1376.59,1069.6055489130435,306.98445108695637
8,1025.0,1031.33,2214.64,1492.0150853658538,722.6249146341461
9,1064.0,2016.76,1810.94,1951.4472774647888,140.50727746478879
4,463.0,1963.41,1607.34,1447.168128358209,160.17187164179086
1,678.0,1478.57,1370.31,1089.9911489130434,280.31885108695656
1,436.0,1358.14,1154.03,955.9148489130436,198.11515108695642
5,586.0,2135.36,1661.61,1688.8902580357144,27.280258035714496
1,797.0,126.8,543.18,577.4154489130435,34.23544891304357
14,481.0,939.99,877.17,1490.8495407407404,613.6795407407404
7,172.0,1486.86,1557.94,1444.5211820895522,113.41881791044784
10,1192.0,23.47,1157.87,1182.984553968254,25.114553968254086
7,981.0,658.85,1351.69,1388.1870820895522,36.49708208955212
10,692.0,1671.71,1701.23,1683.7629539682541,17.467046031745895
13,710.0,2223.86,1979.83,2098.962754347826,119.132754347826
12,380.0,1526.79,1787.41,1590.4354635135135,196.9745364864866
3,133.0,1728.5,1373.4,1157.1209518072287,216.27904819277137
4,730.0,799.25,1250.66,1063.312528358209,187.34747164179112
12,1070.0,1055.51,2030.76,1638.7106635135135,392.0493364864865
8,1185.0,554.98,1545.67,1352.7115853658538,192.95841463414627
11,456.0,2223.72,1600.1,1880.0216617647059,279.92166176470596
12,85.0,1056.43,1466.31,1294.3378635135136,171.9721364864863
2,543.0,103.37,544.12,601.1633322033898,57.04333220338981
6,367.0,1947.68,1606.76,1635.0186870967743,28.258687096774338
1,481.0,1792.17,1215.84,1149.6171489130436,66.22285108695633
5,233.0,1862.04,1562.23,1453.2790580357143,108.95094196428568
1,45.0,1070.22,922.69,701.0176489130434,221.6723510869566
5,152.0,2444.81,1523.75,1663.8647580357144,140.11475803571443
7,344.0,1242.05,1514.4,1404.3490820895522,110.05091791044788
5,320.0,1584.55,1584.73,1369.9581580357144,214.7718419642856
9,989.0,378.12,1193.72,1253.3548774647888,59.634877464788815
10,57.0,936.89,1237.07,1160.236753968254,76.83324603174583
12,342.0,2253.61,1659.5,1875.1316635135136,215.63166351351356
2,983.0,2109.93,1519.98,1577.8529322033896,57.87293220338961
10,886.0,1990.03,1749.93,1882.174153968254,132.24415396825384
10,5.0,836.86,1116.56,1101.024453968254,15.53554603174598
3,80.0,517.54,457.49,642.0773518072288,184.58735180722874
8,482.0,1411.49,631.81,1457.8306853658537,826.0206853658538
4,11.0,312.01,426.22,611.894128358209,185.67412835820892
12,1075.0,2328.11,1798.38,2162.2266635135134,363.84666351351325
13,632.0,268.91,1396.28,1270.133254347826,126.14674565217388
8,323.0,46.48,703.45,842.5265853658536,139.0765853658536
11,527.0,1550.32,1806.06,1628.7776617647062,177.28233823529376
5,948.0,898.6,1499.68,1308.5186580357142,191.16134196428584
5,504.0,1502.63,1628.66,1400.7709580357146,227.88904196428552
10,793.0,1422.29,2007.62,1616.850753968254,390.769246031746
13,32.0,232.43,805.12,1045.1764543478262,240.05645434782616
9,768.0,1815.6,1666.18,1765.371677464789,99.19167746478888
9,994.0,1742.62,1849.58,1814.549877464789,35.03012253521092
1,1105.0,1432.3,1387.17,1220.4704489130436,166.6995510869565
12,178.0,507.59,907.19,1101.8634635135134,194.6734635135133
10,472.0,431.95,924.65,1098.4613539682541,173.81135396825414
5,716.0,1111.23,1492.08,1314.4969580357142,177.5830419642857
3,771.0,725.67,1166.93,969.2606518072287,197.6693481927714
13,1054.0,1131.25,2162.03,1771.392654347826,390.6373456521742
10,872.0,2191.27,1776.62,1959.782553968254,183.1625539682541
12,1077.0,32.55,1387.43,1221.7470635135135,165.6829364864866
12,211.0,749.56,1285.23,1212.6211635135135,72.60883648648655
4,199.0,1310.01,1400.57,1086.874128358209,313.695871641791
2,1029.0,1702.6,1577.55,1426.9476322033897,150.60236779661022
10,643.0,2263.77,1685.92,1909.357553968254,223.43755396825395
10,797.0,1706.73,1724.42,1734.871153968254,10.451153968253948
12,657.0,322.5,1113.16,1193.6265635135135,80.46656351351339
8,177.0,486.06,751.58,971.6543853658537,220.0743853658537
2,222.0,456.24,437.4,633.4900322033898,196.0900322033898
3,555.0,2342.76,1458.63,1556.6675518072288,98.03755180722874
2,785.0,1964.63,1522.76,1448.9799322033898,73.78006779661018
5,104.0,281.67,464.68,760.1773580357143,295.4973580357143
1,673.0,2026.16,1372.83,1312.7530489130434,60.07695108695657
10,877.0,1711.12,1897.37,1764.671053968254,132.6989460317459
1,250.0,1300.17,1145.33,867.0471489130435,278.2828510869564
1,467.0,296.49,221.23,531.4883489130434,310.2583489130434
10,1026.0,828.82,1865.67,1455.078053968254,410.59194603174615
11,1106.0,2250.54,2050.62,2118.517861764706,67.89786176470625
12,452.0,816.56,1243.1,1324.4411635135136,81.34116351351372
14,865.0,2497.16,1885.87,2263.6892407407404,377.8192407407405
8,107.0,2450.89,1468.19,1752.7346853658537,284.54468536585364
8,80.0,1092.18,1365.73,1186.2135853658538,179.51641463414626
8,945.0,766.98,1625.53,1355.6315853658537,269.8984146341463
13,1140.0,1607.8,2214.64,1996.8781543478262,217.76184565217363
2,636.0,1438.19,1435.96,1180.98953220339,254.97046779661014
14,865.0,1422.11,1921.18,1822.9187407407403,98.26125925925976
12,482.0,1710.47,1746.74,1701.4442635135135,45.295736486486476
2,68.0,756.61,648.53,702.7417322033898,54.21173220338983
14,512.0,526.84,1306.64,1332.3080407407406,25.66804074074048
14,1001.0,1647.24,2080.0,1962.8220407407402,117.17795925925975
1,547.0,573.6,616.27,673.1034489130434,56.83344891304341
10,5.0,1338.9,1610.25,1306.860853968254,303.3891460317459
3,1158.0,1107.4,1361.3,1261.2199518072289,100.08004819277107
1,993.0,1143.58,1328.85,1062.8952489130434,265.95475108695655
6,378.0,837.63,1215.96,1183.7481870967742,32.21181290322579
11,1156.0,2231.86,1988.56,2128.359061764706,139.79906176470604
5,1050.0,882.86,1430.04,1337.7652580357144,92.27474196428557
8,836.0,735.52,1606.63,1304.5829853658536,302.04701463414654
11,654.0,1516.42,1870.43,1659.3286617647063,211.10133823529372
8,633.0,1308.36,1639.12,1468.3973853658536,170.72261463414634
12,713.0,1642.01,1873.19,1754.2256635135134,118.96433648648667
5,96.0,1105.47,1312.16,1095.1353580357143,217.02464196428582
7,1054.0,576.47,1344.18,1379.9612820895522,35.78128208955218
12,495.0,1948.13,1831.92,1803.4348635135134,28.48513648648668
1,1068.0,2011.28,1421.45,1444.9022489130434,23.452248913043377
7,1000.0,1620.46,1971.23,1789.0971820895522,182.13281791044778
13,855.0,1798.75,1951.77,1975.417654347826,23.64765434782612
8,544.0,1279.51,1483.77,1425.4188853658538,58.35111463414614
11,816.0,544.99,1077.12,1317.742361764706,240.62236176470606
5,1080.0,2383.82,1664.76,1963.6588580357143,298.8988580357143
8,1124.0,1908.69,1833.27,1886.3826853658538,53.11268536585385
3,29.0,1632.85,1269.1,1081.5044518072289,187.59554819277105
6,470.0,2235.72,1628.6,1789.1650870967742,160.56508709677428
7,287.0,2293.5,1558.09,1815.4935820895523,257.4035820895524
4,72.0,1367.29,1302.97,1065.908928358209,237.06107164179093
6,344.0,233.31,800.18,924.0769870967742,123.8969870967743
8,801.0,1241.21,1780.65,1499.6658853658537,280.9841146341464
5,629.0,484.34,1029.87,1027.0220580357143,2.84794196428561
11,327.0,961.08,1356.46,1317.189261764706,39.27073823529395
14,94.0,105.94,1180.63,1013.4390407407404,167.19095925925967
4,1113.0,2103.82,1695.08,1732.236228358209,37.15622835820909
14,267.0,2090.21,1968.4,1887.5397407407406,80.86025925925946
1,979.0,1292.54,1313.53,1119.0688489130434,194.46115108695653
10,625.0,519.94,1229.41,1188.0872539682541,41.322746031745965
14,457.0,848.61,1492.64,1444.9837407407406,47.656259259259514
11,398.0,723.39,1154.77,1244.586361764706,89.81636176470602
14,68.0,438.96,866.76,1140.8772407407405,274.1172407407405
3,769.0,2497.93,1587.8,1695.1872518072287,107.38725180722872
13,694.0,1054.31,1815.02,1613.847254347826,201.17274565217394
12,1088.0,1977.91,1883.21,2023.1946635135134,139.9846635135134
9,101.0,950.23,1281.64,1177.119977464789,104.52002253521118
1,170.0,2452.85,1209.08,1311.6459489130434,102.56594891304348
12,1135.0,475.95,1447.39,1423.8410635135135,23.548936486486582
3,1109.0,2092.26,1436.66,1647.862551807229,211.20255180722893
7,753.0,358.13,1084.79,1185.0918820895522,100.30188208955224
2,521.0,467.19,667.85,742.6295322033899,74.77953220338986
12,1003.0,983.23,1996.18,1585.6258635135134,410.55413648648664
3,269.0,708.05,799.12,786.3364518072287,12.783548192771264
14,646.0,2418.19,1931.21,2154.6615407407403,223.45154074074026
14,1153.0,346.58,1292.93,1482.7514407407405,189.8214407407404
4,18.0,289.06,380.88,604.9346283582089,224.0546283582089
13,1167.0,1074.36,2197.33,1787.6177543478261,409.7122456521738
1,1113.0,1536.0,1403.6,1265.7874489130436,137.81255108695632
6,930.0,1907.95,1788.75,1815.7793870967744,27.02938709677437
5,714.0,617.72,1164.2,1111.4578580357143,52.74214196428579
7,256.0,2180.53,1548.87,1758.3258820895521,209.45588208955223
9,1063.0,2497.79,1761.94,2148.3195774647884,386.3795774647883
11,512.0,2016.19,1710.53,1814.534361764706,104.00436176470612
9,463.0,1024.53,1476.48,1334.2829774647887,142.19702253521132
12,714.0,2003.23,1829.06,1902.6758635135134,73.61586351351343
9,1165.0,1868.79,1945.95,1926.1295774647888,19.820422535211264
1,872.0,2420.07,1456.34,1543.9061489130436,87.56614891304366
10,631.0,1220.71,1730.86,1477.502953968254,253.357046031746
9,633.0,888.17,1384.78,1337.8753774647887,46.904622535211274
4,1065.0,119.34,781.82,901.799428358209,119.9794283582089
12,947.0,193.05,1225.63,1242.0520635135135,16.42206351351342
4,159.0,568.58,647.0,768.8878283582089,121.88782835820894
1,292.0,449.83,363.02,533.1077489130435,170.08774891304347
1,1115.0,926.13,1192.88,1016.4407489130435,176.43925108695657
7,1168.0,667.94,1639.55,1457.363982089552,182.18601791044784
4,348.0,2047.08,1507.04,1441.2228283582087,65.81717164179122
8,77.0,1930.98,1485.69,1529.0715853658537,43.38158536585365
7,1033.0,1013.03,2119.83,1551.6008820895522,568.2291179104477
4,672.0,1603.52,1612.43,1372.763228358209,239.666771641791
4,1191.0,999.45,1478.93,1306.744528358209,172.18547164179108
8,392.0,661.27,978.13,1118.7404853658538,140.61048536585383
7,951.0,584.4,1253.76,1347.1625820895522,93.4025820895522
5,778.0,2423.47,1643.96,1874.2153580357142,230.25535803571415
11,958.0,1999.13,1900.18,1963.639761764706,63.459761764705945
3,186.0,1068.31,1152.04,904.9930518072289,247.04694819277108
5,1116.0,2460.46,1711.97,2007.681258035714,295.7112580357141
13,63.0,107.92,710.25,1004.9773543478261,294.7273543478261
6,170.0,476.99,600.23,963.0857870967743,362.8557870967743
3,870.0,413.23,795.8,875.8102518072288,80.01025180722888
12,852.0,1957.9,1944.89,1932.3905635135136,12.499436486486502
6,420.0,386.77,929.16,1013.5955870967742,84.43558709677427
6,668.0,1922.45,1796.98,1730.024387096774,66.95561290322598
8,795.0,1645.99,644.69,1663.5256853658539,1018.8356853658538
4,420.0,927.74,1238.04,1007.493428358209,230.54657164179093
12,1074.0,2407.71,1843.97,2194.5126635135134,350.5426635135134
12,916.0,2394.85,1740.85,2133.9400635135135,393.09006351351354
4,1075.0,586.17,1023.65,1096.699728358209,73.04972835820911
5,1143.0,1217.72,1745.09,1507.6078580357143,237.48214196428557
2,719.0,591.44,755.3,862.8720322033898,107.57203220338988
4,197.0,1858.84,1416.33,1311.194428358209,105.13557164179088
6,248.0,395.4,710.15,956.9338870967742,246.78388709677427
10,834.0,1820.8,1883.49,1794.589853968254,88.90014603174609
1,1112.0,2011.44,1423.85,1460.3678489130434,36.51784891304351
12,1189.0,1453.16,2162.13,1843.3971635135135,318.7328364864866
14,269.0,1349.61,1832.34,1584.5937407407405,247.74625925925943
7,671.0,1262.85,1600.42,1527.327082089552,73.09291791044802
9,52.0,350.58,601.81,914.113477464789,312.303477464789
14,976.0,1526.58,1995.87,1904.6014407407404,91.26855925925952
2,370.0,1554.5,1311.23,1135.5766322033896,175.65336779661038
4,1180.0,1948.55,1565.16,1692.025528358209,126.86552835820885
5,36.0,2022.94,1410.58,1450.2980580357143,39.71805803571442
5,691.0,1030.64,1465.26,1272.7050580357143,192.55494196428572
8,52.0,2353.5,1485.05,1693.5547853658538,208.50478536585388
11,24.0,2029.04,1569.37,1649.0028617647063,79.63286176470638
8,221.0,936.98,1287.0,1171.9315853658536,115.0684146341464
1,85.0,89.83,175.53,313.0577489130435,137.5277489130435
7,803.0,12.75,1146.78,1060.9860820895522,85.79391791044782
12,893.0,910.41,1862.13,1517.2696635135135,344.86033648648663
14,113.0,1091.13,1703.02,1424.0169407407404,279.00305925925954
5,516.0,1878.49,669.85,1559.073558035714,889.2235580357141
14,904.0,2005.96,1970.01,2075.9472407407407,105.93724074074066
1,1058.0,1601.04,1465.9,1273.2038489130434,192.69615108695666
14,555.0,313.73,1201.26,1259.9829407407406,58.72294074074057
7,738.0,730.28,1429.72,1332.4233820895522,97.29661791044782
8,792.0,2437.24,1556.7,1986.8881853658536,430.18818536585354
5,831.0,432.8,901.36,1076.5906580357143,175.23065803571433
7,709.0,320.8,1116.62,1154.3865820895521,37.76658208955223
9,1078.0,161.85,1260.96,1195.8341774647888,65.12582253521123
2,616.0,968.93,1163.1,981.5929322033898,181.50706779661016
2,570.0,2297.12,1423.86,1510.0508322033897,86.19083220338985
9,13.0,986.41,1271.52,1161.1537774647888,110.36622253521114
7,381.0,2106.96,1705.27,1771.912182089552,66.64218208955208
9,460.0,2424.47,1624.68,1907.2083774647888,282.5283774647887
4,425.0,1286.54,1449.26,1156.351428358209,292.908571641791
11,437.0,1053.24,1630.47,1393.4748617647062,236.99513823529378
9,1000.0,1901.79,1778.65,1881.909577464789,103.25957746478889
1,553.0,1687.11,1295.34,1131.7425489130435,163.59745108695643
10,5.0,1094.06,1361.08,1206.476453968254,154.60354603174596
12,931.0,864.21,1663.58,1511.6276635135134,151.9523364864865
6,436.0,914.53,1389.11,1235.5771870967742,153.5328129032257
3,1074.0,247.32,636.02,879.1871518072288,243.16715180722883
9,896.0,1398.54,1727.1,1639.177077464789,87.922922535211
1,462.0,2047.57,1202.9,1247.6811489130434,44.78114891304335
3,665.0,2418.16,1490.96,1626.0815518072286,135.12155180722857
11,532.0,2419.86,1653.69,1987.039061764706,333.349061764706
9,483.0,52.64,949.04,942.8080774647889,6.231922535211083
12,296.0,326.83,981.72,1069.0518635135134,87.33186351351333
9,131.0,1990.0,1557.2,1613.9256774647888,56.72567746478876
6,836.0,2035.17,1718.79,1835.039587096774,116.24958709677412
10,532.0,1223.36,1631.49,1443.939453968254,187.55054603174608
14,595.0,2140.61,1989.13,2023.0037407407403,33.87374074074023
7,623.0,1894.02,1739.49,1769.3067820895521,29.816782089552134
5,1077.0,2234.35,1665.23,1901.3261580357143,236.09615803571432
5,579.0,1018.52,1468.01,1228.5358580357142,239.47414196428576
8,255.0,1817.19,1510.91,1544.7176853658539,33.807685365853786
8,1009.0,1378.07,1903.76,1628.5784853658538,275.1815146341462
10,87.0,498.96,781.97,991.185453968254,209.215453968254
1,809.0,1734.56,1447.25,1240.7970489130435,206.45295108695655
9,1079.0,1981.94,1763.16,1942.421077464789,179.26107746478897
8,1134.0,1049.84,2073.13,1537.7541853658536,535.3758146341465
8,403.0,654.97,895.14,1120.0074853658537,224.86748536585367
8,534.0,429.88,916.02,1073.5705853658537,157.55058536585375
13,564.0,2245.56,1745.09,2056.759754347826,311.66975434782603
2,752.0,958.29,1144.41,1024.8305322033898,119.57946779661029
11,293.0,1410.0,1673.7,1489.346461764706,184.35353823529408
5,919.0,470.23,1119.17,1122.7369580357145,3.5669580357143786
5,103.0,333.22,573.58,780.9628580357144,207.38285803571432
1,893.0,19.76,570.71,567.1290489130434,3.5809510869565884
12,37.0,52.65,789.01,865.9880635135136,76.97806351351358
8,1142.0,776.74,1827.44,1428.5831853658538,398.8568146341463
5,332.0,218.03,801.73,813.8849580357144,12.154958035714344
7,950.0,1739.62,2032.23,1820.452782089552,211.77721791044792
9,223.0,1916.03,1623.73,1615.7979774647888,7.9320225352112175
6,522.0,1210.87,1577.01,1387.1765870967743,189.83341290322574
12,46.0,2077.07,1666.29,1699.1502635135134,32.86026351351347
2,252.0,1545.94,1300.19,1090.7670322033898,209.42296779661024
14,999.0,619.42,1510.57,1540.7158407407405,30.145840740740596
13,125.0,2004.61,1721.56,1804.320254347826,82.76025434782605
9,597.0,625.99,990.84,1217.7815774647888,226.9415774647888
3,289.0,853.79,969.85,853.0898518072287,116.76014819277134
7,953.0,1918.24,1833.56,1894.7369820895522,61.17698208955221
4,275.0,2359.64,1483.58,1543.822428358209,60.242428358209054
5,755.0,1584.41,1729.08,1522.1507580357143,206.92924196428567
9,803.0,880.17,1589.75,1394.095377464789,195.65462253521105
11,293.0,285.14,966.87,1028.153861764706,61.2838617647061
6,164.0,1460.21,1535.3,1364.1059870967742,171.1940129032257
12,675.0,2277.93,1807.33,2001.6528635135132,194.3228635135133
11,859.0,146.71,1267.98,1169.497561764706,98.48243823529401
2,296.0,1878.7,1354.0,1242.5986322033896,111.40136779661043
7,300.0,2417.85,1634.04,1871.027082089552,236.98708208955213
2,1155.0,1517.18,1543.17,1395.0254322033898,148.14456779661032
5,765.0,480.48,1038.42,1073.0394580357142,34.61945803571416
9,1097.0,2330.2,1728.07,2091.5076774647887,363.43767746478875
4,422.0,2049.71,1491.9,1468.201128358209,23.69887164179113
14,1020.0,510.33,1406.95,1503.3389407407406,96.38894074074051
4,205.0,545.57,682.22,775.553728358209,93.33372835820899
12,1046.0,1850.85,1875.72,1956.4000635135135,80.68006351351346
4,1001.0,739.08,1116.31,1133.492828358209,17.182828358209008
9,938.0,742.17,1632.1,1384.7653774647888,247.3346225352111
5,351.0,407.74,883.11,898.3160580357144,15.206058035714364
9,748.0,653.42,1249.66,1281.877877464789,32.2178774647889
13,1186.0,2462.26,1906.35,2363.306754347826,456.95675434782606
6,384.0,1656.04,1682.33,1521.3962870967744,160.93371290322557
10,150.0,418.41,844.9,980.209953968254,135.30995396825404
10,783.0,158.93,993.55,1095.373153968254,101.82315396825402
6,372.0,2494.69,1742.34,1861.0427870967744,118.7027870967745
10,958.0,1643.76,1827.18,1765.403453968254,61.776546031745966
8,34.0,1225.2,1438.52,1224.6517853658538,213.86821463414617
7,151.0,2461.93,1516.58,1836.949882089552,320.369882089552
7,150.0,1379.35,1500.09,1392.7420820895522,107.34791791044768
6,751.0,2085.98,1757.81,1826.1216870967742,68.31168709677422
7,568.0,159.12,738.92,1038.7477820895522,299.8277820895522
12,574.0,2240.9,1785.72,1951.1205635135134,165.40056351351336
13,36.0,808.38,1190.16,1282.715954347826,92.55595434782595
14,595.0,1818.77,1889.9,1891.0493407407405,1.1493407407403993
7,381.0,2342.27,1705.24,1868.3892820895521,163.14928208955212
14,174.0,815.3,1295.14,1332.2766407407405,37.136640740740404
11,226.0,2013.45,1590.82,1713.310961764706,122.49096176470607
13,137.0,1505.66,1777.72,1603.9507543478262,173.76924565217382
13,774.0,206.45,1110.0,1294.2246543478261,184.22465434782612
5,1120.0,1514.91,1658.97,1621.4057580357144,37.56424196428566
4,862.0,2335.55,1698.94,1739.395528358209,40.455528358208994
8,829.0,1147.89,2004.34,1471.204685365854,533.135314634146
4,380.0,446.66,764.24,796.2506283582089,32.01062835820892
9,238.0,1197.83,1560.78,1326.5859774647888,234.19402253521116
13,1199.0,493.0,1634.13,1560.4601543478261,73.66984565217399
12,710.0,1249.41,1921.09,1592.2096635135135,328.8803364864864
14,719.0,1973.14,1980.99,1997.7410407407406,16.751040740740564
1,482.0,1697.08,1198.24,1110.9802489130434,87.25975108695661
9,444.0,725.31,1062.52,1204.952777464789,142.43277746478907
11,610.0,1990.79,1753.56,1838.420361764706,84.86036176470611
4,238.0,1707.28,1483.48,1263.404828358209,220.07517164179103
2,299.0,1612.7,1282.8,1134.5886322033898,148.21136779661015
10,273.0,799.9,1155.05,1179.6708539682538,24.62085396825387
3,154.0,274.04,406.91,568.1423518072288,161.23235180722878
7,636.0,697.02,1276.06,1283.0867820895521,7.026782089552171
2,1038.0,685.07,962.14,1012.9103322033898,50.770332203389785
2,798.0,2334.41,1485.4,1605.1397322033897,119.73973220338962
12,601.0,2166.56,1918.46,1930.0911635135135,11.631163513513457
6,290.0,814.04,1077.35,1143.2762870967742,65.92628709677433
8,16.0,259.02,543.56,822.2179853658537,278.65798536585373
8,303.0,1072.44,1453.25,1256.1701853658537,197.07981463414626
11,372.0,2048.26,1632.61,1778.6830617647063,146.07306176470638
3,864.0,2338.52,1513.04,1663.0791518072288,150.0391518072288
11,913.0,2253.41,1758.56,2052.144561764706,293.584561764706
14,805.0,834.06,1683.49,1560.8182407407405,122.67175925925949
5,905.0,2317.31,1691.38,1875.1397580357143,183.75975803571419
10,728.0,226.53,1060.47,1103.839153968254,43.36915396825407
4,842.0,893.25,1324.64,1141.052528358209,183.58747164179113
5,117.0,953.06,1116.8,1039.9972580357144,76.80274196428559
12,307.0,957.17,1432.75,1331.3412635135135,101.40873648648653
9,51.0,314.81,704.94,899.0977774647889,194.15777746478886
7,1071.0,841.11,1699.9,1494.4136820895521,205.48631791044795
13,922.0,1510.22,1967.87,1880.5703543478262,87.2996456521737
8,867.0,2373.39,1747.22,1986.9596853658538,239.7396853658538
11,1013.0,1483.3,1952.8,1771.399461764706,181.40053823529388
6,1148.0,1525.81,1776.48,1735.4019870967743,41.078012903225726
12,158.0,2195.67,1625.46,1786.9762635135135,161.51626351351342
5,1010.0,2054.21,1810.37,1804.0187580357142,6.351241964285691
1,682.0,1517.04,1376.04,1107.1638489130435,268.8761510869565
5,14.0,78.33,406.7,645.3079580357144,238.60795803571438
6,1203.0,1900.48,1972.88,1908.2666870967741,64.61331290322596
4,810.0,1852.31,1575.87,1523.067128358209,52.802871641790944
3,760.0,2073.25,1522.45,1517.9184518072288,4.531548192771197
7,868.0,625.09,1403.48,1334.7954820895523,68.68451791044777
7,205.0,103.31,683.1,888.8156820895522,205.71568208955216
5,387.0,1882.35,1588.8,1515.5061580357144,73.29384196428555
11,447.0,130.07,852.02,1018.4751617647062,166.4551617647062
9,482.0,1348.44,1633.26,1473.7360774647889,159.5239225352111
7,15.0,2436.67,1459.63,1778.9932820895522,319.36328208955206
10,955.0,1182.33,1950.3,1575.1671539682538,375.1328460317461
5,41.0,2314.68,1500.28,1571.661458035714,71.3814580357141
2,1189.0,1164.74,1666.52,1262.42503220339,404.09496779661004
2,762.0,519.74,752.69,848.5250322033899,95.8350322033898
10,895.0,937.46,1714.8,1453.770453968254,261.0295460317459
13,858.0,2258.01,1889.71,2164.764254347826,275.0542543478259
11,650.0,524.8,1179.09,1251.364461764706,72.27446176470607
4,198.0,2106.63,1450.67,1413.1383283582088,37.53167164179126
1,791.0,1927.75,1419.88,1313.7049489130434,106.17505108695673
14,1020.0,1201.75,2337.73,1786.8211407407405,550.9088592592595
12,59.0,2247.39,1629.92,1773.5314635135135,143.6114635135134
8,626.0,545.84,1142.89,1153.3141853658537,10.424185365853646
5,57.0,559.05,639.73,857.4531580357143,217.72315803571428
5,908.0,716.7,1375.88,1219.9396580357143,155.94034196428584
13,8.0,78.44,713.71,973.6405543478261,259.93055434782605
11,684.0,672.51,1487.93,1323.825561764706,164.10443823529408
4,180.0,2365.46,1443.02,1512.958628358209,69.93862835820892
13,511.0,1628.33,1915.79,1785.145454347826,130.64454565217397
4,231.0,20.39,499.26,569.3299283582089,70.06992835820893
9,1139.0,1973.31,1759.33,1959.882777464789,200.55277746478896
9,578.0,1167.71,1587.21,1433.236777464789,153.9732225352111
14,530.0,2028.06,2079.14,1954.1082407407405,125.03175925925939
7,316.0,141.89,837.8,943.4834820895522,105.68348208955229
2,897.0,2382.39,1437.95,1659.4615322033899,221.51153220338983
12,121.0,608.92,1033.44,1123.4587635135133,90.01876351351325
4,764.0,1417.94,1682.1,1328.8754283582089,353.22457164179104
11,663.0,2141.08,1715.29,1918.589261764706,203.299261764706
3,91.0,1640.15,1338.3,1106.1974518072288,232.1025481927711
1,1035.0,1289.84,1317.33,1137.5618489130434,179.76815108695655
7,125.0,193.62,616.24,897.8427820895522,281.6027820895522
12,437.0,639.96,1183.74,1246.7851635135137,63.04516351351367
4,84.0,2243.12,1392.1,1429.199228358209,37.099228358209075
5,716.0,1316.6,1686.98,1398.6986580357143,288.28134196428573
12,18.0,2461.37,1556.78,1846.9132635135134,290.1332635135134
3,560.0,1664.15,1419.48,1280.1874518072289,139.29254819277116
3,504.0,63.39,568.17,604.2758518072287,36.10585180722876
5,1126.0,664.9,1336.74,1275.0016580357142,61.73834196428584
1,1092.0,390.55,589.11,788.8029489130436,199.69294891304355
11,273.0,502.37,862.61,1110.218161764706,247.6081617647061
4,6.0,458.7,459.21,670.287028358209,211.07702835820902
1,620.0,490.45,678.74,664.5619489130435,14.178051086956543
5,659.0,2083.15,1645.06,1693.0341580357144,47.97415803571448
12,353.0,2150.17,1765.67,1836.5712635135135,70.90126351351341
13,618.0,1982.27,2000.39,1967.710854347826,32.67914565217416
2,1158.0,2355.92,1528.91,1739.9588322033899,211.0488322033898
3,512.0,1251.6,1360.76,1094.2419518072288,266.5180481927712
5,840.0,941.55,1676.48,1288.3281580357143,388.1518419642857
7,1086.0,2319.81,1858.36,2105.930682089552,247.5706820895523
13,1152.0,864.45,1797.14,1696.3046543478263,100.83534565217383
4,840.0,1375.42,1580.95,1338.0422283582088,242.90777164179121
4,724.0,89.99,667.98,770.4159283582089,102.43592835820891
3,327.0,2141.92,1438.41,1394.523151807229,43.88684819277114
13,1055.0,2005.84,1997.52,2130.324554347826,132.80455434782607
1,931.0,327.97,609.73,706.7951489130435,97.06514891304346
10,108.0,2181.67,1632.42,1688.446553968254,56.02655396825389
13,1204.0,24.47,1344.17,1370.1128543478262,25.94285434782614
5,517.0,919.25,1288.31,1166.1351580357143,122.17484196428563
8,897.0,1536.36,1944.62,1654.2773853658537,290.34261463414623
12,988.0,2492.79,1753.84,2199.2954635135134,445.45546351351345
1,1041.0,1630.25,1466.95,1279.2299489130435,187.72005108695657
10,454.0,2359.42,1619.0,1882.4240539682542,263.42405396825416
5,406.0,1084.16,1399.39,1194.8982580357142,204.4917419642859
4,103.0,1790.07,1394.55,1250.0987283582087,144.4512716417912
11,198.0,269.95,695.66,988.675961764706,293.01596176470605
4,477.0,18.97,631.5,654.847728358209,23.347728358208997
11,67.0,2455.53,1572.91,1838.9137617647061,266.00376176470604
7,789.0,185.73,966.26,1127.0078820895524,160.74788208955238
13,70.0,993.7,1492.02,1370.597154347826,121.42284565217392
12,59.0,858.62,1377.35,1204.1357635135137,173.21423648648624
3,1027.0,180.0,804.96,835.1359518072288,30.175951807228785
3,275.0,543.74,572.73,721.0693518072288,148.3393518072288
12,180.0,384.42,873.97,1052.0637635135135,178.09376351351352
3,334.0,2449.89,1472.53,1523.2408518072289,50.71085180722889
7,759.0,1694.02,1960.92,1734.906782089552,226.01321791044802
10,174.0,1991.96,1542.4,1633.765453968254,91.36545396825386
1,780.0,366.37,516.69,669.6891489130435,152.99914891304343
9,934.0,415.5,1208.82,1249.430677464789,40.61067746478898
8,936.0,556.28,1277.26,1266.0945853658536,11.165414634146373
1,1002.0,2320.13,1475.4,1548.4307489130435,73.03074891304345
7,83.0,137.84,482.65,860.2729820895522,377.62298208955224
9,191.0,789.52,1058.5,1142.7288774647889,84.22887746478887
3,280.0,1090.37,1256.92,946.9376518072288,309.98234819277127
5,644.0,2383.17,1785.53,1810.7923580357142,25.262358035714215
10,498.0,992.86,1395.03,1337.534453968254,57.49554603174602
4,317.0,1793.28,1518.93,1326.3148283582088,192.61517164179122
4,1100.0,370.61,860.32,1017.070128358209,156.75012835820894
4,263.0,2469.06,1503.98,1584.484628358209,80.50462835820895
4,932.0,1287.34,1513.28,1334.129428358209,179.15057164179098
14,343.0,2013.4,1839.05,1882.6476407407406,43.597640740740644
2,274.0,888.24,917.79,828.8100322033898,88.97996779661014
1,759.0,330.29,500.92,647.5463489130435,146.6263489130435
8,204.0,2178.45,1506.38,1674.9842853658538,168.60428536585368
10,396.0,2068.65,1556.68,1742.9083539682538,186.2283539682537
6,840.0,870.82,1496.46,1359.0560870967743,137.40391290322577
7,756.0,1473.59,1961.96,1643.480482089552,318.47951791044807
4,1048.0,279.75,780.15,961.6175283582089,181.46752835820894
9,800.0,39.96,1158.68,1048.559277464789,110.12072253521114
3,240.0,1895.67,1386.33,1263.1106518072288,123.21934819277112
13,997.0,920.48,2124.16,1665.0269543478262,459.1330456521737
2,826.0,2163.39,1523.26,1544.8215322033898,21.56153220338979
6,194.0,914.25,1168.72,1150.7623870967743,17.95761290322571
4,333.0,1934.76,1467.52,1389.9216283582089,77.59837164179112
8,1053.0,1864.01,1794.57,1843.2138853658537,48.64388536585375
12,466.0,1291.33,1770.37,1523.9968635135133,246.3731364864866
8,916.0,2417.62,1755.05,2022.2439853658534,267.19398536585345
11,322.0,1251.3,1732.46,1434.429461764706,298.030538235294
13,11.0,1114.96,1555.48,1399.663754347826,155.81624565217408
7,250.0,364.79,718.71,1011.7724820895522,293.0624820895522
5,247.0,296.51,594.93,816.3117580357143,221.38175803571437
14,1158.0,2104.61,1899.69,2205.2937407407408,305.6037407407407
11,1095.0,1071.83,2159.33,1631.396761764706,527.9332382352939
11,1149.0,270.81,1284.51,1321.878561764706,37.3685617647061
9,14.0,1057.38,1372.31,1190.601477464789,181.70852253521093
4,184.0,983.77,1202.69,947.8657283582089,254.82427164179114
6,135.0,2488.22,1561.2,1775.4400870967743,214.24008709677423
5,717.0,1508.97,1722.49,1477.9203580357143,244.56964196428567
1,389.0,1964.96,1228.94,1188.2610489130434,40.67895108695666
3,1136.0,1296.54,1536.6,1331.0673518072288,205.53264819277115
13,145.0,2202.42,1716.13,1892.422354347826,176.29235434782595
1,1122.0,861.5,1081.05,992.3924489130434,88.65755108695657
14,383.0,97.95,1203.93,1111.3131407407404,92.61685925925963
1,309.0,1211.37,1110.55,851.2891489130434,259.26085108695656
14,1090.0,2248.68,1905.5,2240.5624407407404,335.0624407407404
3,278.0,994.9,1167.78,907.0949518072288,260.6850481927712
7,1109.0,2397.29,1917.57,2145.7474820895522,228.1774820895523
12,643.0,2194.16,1758.03,1956.1071635135133,198.07716351351337
11,176.0,1050.67,1444.13,1301.071161764706,143.05883823529416
7,309.0,1021.75,1309.85,1301.7760820895523,8.073917910447562
3,992.0,1897.41,1539.0,1527.024051807229,11.975948192771057
3,175.0,440.19,431.17,643.6138518072288,212.44385180722878
5,895.0,2329.69,1791.96,1876.7155580357144,84.75555803571433
8,372.0,348.37,950.24,983.4514853658536,33.211485365853605
5,567.0,193.11,718.3,885.9177580357143,167.61775803571436
8,978.0,710.43,1624.58,1343.9960853658536,280.58391463414637
1,1082.0,1809.49,446.94,1367.0683489130436,920.1283489130435
11,636.0,2238.97,1699.94,1949.274161764706,249.33416176470587
6,370.0,315.09,946.39,966.7067870967742,20.316787096774192
8,413.0,222.83,802.95,946.3300853658536,143.38008536585357
3,399.0,141.39,546.04,599.5058518072287,53.46585180722877
