days,miles,receipts,output,predicted_final,error_final
3,93.0,1.42,364.51,442.6141879231034,78.10418792310338
1,55.0,3.6,126.06,272.94,146.88
1,47.0,17.97,128.91,276.288,147.37800000000001
2,13.0,4.67,203.52,345.5076709994069,141.9876709994069
3,88.0,5.78,380.37,442.8581879231034,62.488187923103396
1,76.0,13.74,158.35,283.296,124.946
3,41.0,4.52,320.12,428.2541879231034,108.13418792310341
1,140.0,22.71,199.68,306.084,106.404
3,121.0,21.17,464.07,458.91418792310344,5.155812076896552
3,117.0,21.99,359.1,458.0421879231034,98.9421879231034
2,202.0,21.24,356.17,408.83567099940694,52.66567099940693
3,80.0,21.05,366.87,446.5661879231034,79.69618792310342
2,21.0,20.04,204.58,354.05567099940697,149.47567099940696
3,177.0,18.73,430.86,474.73818792310345,43.87818792310344
1,141.0,10.15,195.14,301.36,106.22000000000003
1,58.0,5.86,117.24,274.74399999999997,157.50399999999996
1,133.0,8.34,179.06,298.236,119.17599999999999
1,59.0,8.31,120.65,276.024,155.374
2,89.0,13.85,234.2,371.97967099940695,137.77967099940696
2,147.0,17.43,325.56,390.81167099940694,65.25167099940694
5,130.0,306.9,574.1,712.7059322922429,138.60593229224287
5,173.0,1337.9,1443.96,1138.005932292243,305.9540677077571
5,592.0,433.75,869.0,902.0459322922429,33.045932292242924
5,679.0,476.08,1030.41,945.0779322922428,85.33206770775723
5,708.0,1129.52,1654.62,1215.1539322922429,439.466067707757
5,261.0,464.94,621.12,815.2219322922429,194.10193229224285
5,794.0,511.0,1139.94,993.5459322922429,146.39406770775713
5,521.0,1448.55,1624.01,1286.6659322922428,337.3440677077572
5,595.0,863.93,1231.67,1075.017932292243,156.65206770775717
5,811.0,952.39,1608.6,1175.2019322922429,433.39806770775704
5,477.0,704.42,1045.96,975.8139322922428,70.1460677077572
5,730.0,485.73,991.49,964.2379322922429,27.252067707757078
5,262.0,1173.79,1485.59,1099.0619322922428,386.52806770775715
5,446.0,219.98,788.62,772.7379322922428,15.882067707757187
5,751.0,407.43,1063.46,939.2179322922428,124.2420677077572
5,324.0,128.94,686.54,699.721932292243,13.181932292243005
5,414.0,967.0,1368.94,1061.945932292243,306.99406770775704
5,367.0,290.78,742.25,777.3579322922429,35.107932292242936
5,764.0,848.75,1468.46,1119.6459322922428,348.8140677077572
5,249.0,873.75,1185.24,975.145932292243,210.09406770775706
8,862.0,1817.85,1719.37,1728.8833133020794,9.513313302079496
11,927.0,1994.33,1779.12,2003.9108532404355,224.79085324043558
9,602.0,186.69,1085.4,1060.645114783072,24.754885216928187
8,610.0,208.29,841.27,1009.4593133020796,168.18931330207965
12,333.0,1103.21,1618.13,1529.9343659034453,88.19563409655484
8,435.0,1129.65,1525.26,1325.5033133020797,199.75668669792026
9,218.0,1203.45,1561.63,1352.149114783072,209.48088521692807
12,781.0,1159.18,1752.72,1686.722365903445,65.99763409655498
11,916.0,1036.91,2098.07,1617.6428532404357,480.4271467595645
10,358.0,2066.62,1624.11,1801.026638492223,176.916638492223
12,566.0,2013.7,1752.03,1964.030365903445,212.00036590344507
9,954.0,1483.39,2024.2,1684.925114783072,339.27488521692794
9,534.0,1929.94,1624.87,1737.545114783072,112.6751147830721
12,765.0,1343.97,1953.03,1755.8383659034453,197.1916340965547
8,630.0,967.69,1388.05,1319.2193133020796,68.83068669792033
10,909.0,696.0,1505.19,1418.0786384922228,87.11136150777725
10,223.0,745.89,1037.45,1232.2346384922228,194.7846384922227
8,467.0,1178.71,1483.33,1354.7273133020794,128.6026866979205
9,708.0,461.07,1110.6,1202.1971147830718,91.5971147830719
9,885.0,1764.97,1694.37,1776.857114783072,82.487114783072
6,855.0,591.35,1339.72,1109.233816221051,230.486183778949
2,993.0,54.24,715.19,659.335670999407,55.85432900059311
5,685.0,747.14,1216.36,1055.3019322922428,161.05806770775712
3,981.0,341.45,813.95,845.0261879231034,31.07618792310336
5,770.0,873.33,1502.49,1131.277932292243,371.2120677077571
6,697.0,651.64,1237.71,1085.949816221051,151.7601837789491
3,795.0,450.85,743.94,832.9861879231034,89.04618792310339
3,606.0,1184.23,1364.54,1069.6381879231035,294.9018120768965
3,842.0,865.37,1251.14,1012.8941879231035,238.24581207689664
7,748.0,241.73,971.31,1001.2466323189104,29.936632318910483
7,624.0,148.16,905.79,926.6186323189104,20.828632318910422
2,713.0,740.33,1048.28,849.7716709994069,198.5083290005931
3,874.0,1191.4,1515.99,1152.9061879231035,363.0838120768965
6,761.0,530.19,1120.1,1056.569816221051,63.53018377894887
1,815.0,97.89,539.36,538.656,0.7040000000000646
1,601.0,497.7,644.12,634.38,9.740000000000009
7,817.0,1127.87,1809.91,1376.4026323189103,433.5073676810898
1,606.0,923.0,1050.05,806.0,244.04999999999995
1,909.0,741.82,866.07,824.4280000000001,41.64199999999994
3,624.0,1160.92,1459.34,1065.7141879231035,393.6258120768964
4,650.0,619.49,676.38,926.6975821545789,250.31758215457887
6,204.0,818.99,628.4,1004.9898162210511,376.58981622105114
1,263.0,396.49,198.42,492.496,294.076
1,451.0,555.49,162.18,612.496,450.316
10,424.0,474.99,831.96,1184.1746384922228,352.2146384922228
2,565.0,389.49,415.96,665.035670999407,249.075670999407
9,397.0,348.49,913.29,1063.8651147830717,150.57511478307174
1,532.0,413.99,355.57,580.196,224.62600000000003
2,384.0,495.49,290.36,653.135670999407,362.775670999407
5,754.0,489.99,765.13,973.1419322922429,208.01193229224293
1,344.46,813.85,707.88,683.8779999999999,24.002000000000066
3,906.3,540.03,848.42,902.0481879231035,53.628187923103496
3,1007.56,187.52,764.64,791.4221879231034,26.78218792310338
1,359.62,221.15,255.57,451.346,195.776
1,362.79,749.19,636.51,663.513,27.003000000000043
1,288.72,159.26,303.94,405.32,101.38
2,782.17,830.72,1165.44,906.6786709994069,258.76132900059315
2,623.18,347.54,625.15,665.709670999407,40.55967099940699
3,1061.15,388.5,693.36,887.8911879231034,194.5311879231034
1,252.75,285.5,331.74,445.025,113.28499999999997
3,1020.39,250.62,779.08,820.5111879231034,41.43118792310338
1,257.97,816.81,738.01,659.1149999999999,78.8950000000001
3,1025.03,592.55,992.4,958.6751879231033,33.72481207689668
2,794.32,402.31,671.06,738.9596709994069,67.89967099940691
1,276.85,485.54,361.66,532.271,170.61099999999993
2,851.68,473.96,650.68,784.8276709994068,134.14767099940684
3,859.12,611.07,960.47,916.3101879231034,44.15981207689663
3,1317.07,476.87,787.42,1000.0151879231034,212.59518792310348
1,388.1,827.37,741.46,702.3780000000002,39.08199999999988
1,264.39,758.27,636.19,637.625,1.4349999999999454
5,198.21,594.83,807.48,848.3409322922429,40.860932292242865
6,72.85,457.75,666.59,821.1488162210511,154.55881622105107
8,297.64,481.09,835.08,1024.8713133020797,189.79131330207963
7,237.33,1262.27,1452.17,1256.2616323189104,195.90836768108966
5,195.73,1228.49,511.23,1101.060932292243,589.830932292243
8,276.28,1179.9,1522.6,1297.9873133020797,224.61268669792025
8,302.24,1046.04,1353.77,1252.2313133020796,101.53868669792041
8,266.87,252.08,880.41,924.0363133020796,43.626313302079666
9,310.69,239.64,828.16,994.4321147830718,166.27211478307186
6,222.08,709.07,1031.34,966.4458162210511,64.89418377894879
8,264.94,720.67,1019.85,1110.8933133020796,91.04331330207958
8,161.15,1230.37,1499.24,1283.6363133020795,215.60368669792047
9,259.96,554.74,835.54,1105.2531147830719,269.7131147830719
9,97.85,518.56,850.57,1042.1481147830718,191.57811478307178
9,194.34,1054.93,1374.9,1285.6431147830717,89.25688521692837
9,332.35,374.61,830.45,1054.9181147830718,224.46811478307177
5,126.44,696.14,845.35,867.3339322922429,21.983932292242912
5,66.13,848.03,1050.25,909.996932292243,140.25306770775705
6,135.34,1144.13,1478.11,1114.4478162210512,363.6621837789487
6,233.7,346.98,648.57,825.0958162210511,176.52581622105106
9,849.0,1007.41,1785.47,1463.0331147830718,322.4368852169282
6,806.0,1760.64,1718.76,1562.249816221051,156.51018377894889
8,891.0,1194.36,2016.46,1488.1873133020795,528.2726866979206
9,1182.0,1342.24,2164.15,1696.865114783072,467.28488521692816
7,1010.0,1514.03,2063.98,1588.7666323189105,475.2133676810895
8,892.0,1768.53,1902.37,1718.1553133020795,184.21468669792034
6,825.0,1692.73,1817.77,1540.7858162210512,276.9841837789488
8,1118.0,1758.52,1852.47,1781.9513133020796,70.51868669792043
8,1064.0,1756.52,1857.04,1764.9513133020798,92.08868669792014
6,811.0,1252.04,1771.8,1360.309816221051,411.4901837789489
7,889.0,1417.96,1826.08,1514.0386323189107,312.04136768108924
9,1012.0,1429.04,1880.76,1680.5851147830717,200.17488521692826
6,909.0,1332.18,1720.21,1421.7658162210512,298.44418377894885
9,1096.0,1690.22,1894.85,1810.257114783072,84.59288521692793
9,913.0,1021.29,1964.86,1487.785114783072,477.0748852169279
6,1006.0,1219.71,1803.97,1405.877816221051,398.092183778949
6,907.0,1650.17,1737.86,1548.361816221051,189.49818377894894
9,816.0,1171.81,1780.58,1518.8931147830717,261.6868852169282
7,1006.0,1181.33,2279.82,1454.4866323189103,825.3333676810898
6,835.0,1404.28,1765.79,1428.405816221051,337.3841837789489
12,528.0,2476.41,1662.88,2137.714365903445,474.8343659034449
4,69.0,2321.49,322.0,1433.1975821545789,1111.1975821545789
11,1179.0,31.36,1550.55,1294.3228532404355,256.22714675956445
13,756.0,954.4,1793.07,1657.615530466962,135.45446953303804
1,123.0,2076.65,1171.68,1122.5600000000002,49.11999999999989
3,1162.0,2152.66,1434.71,1623.8101879231033,189.10018792310325
1,822.0,2170.53,1374.91,1369.812,5.098000000000184
11,558.0,1549.86,1823.47,1715.4228532404356,108.04714675956438
2,753.0,1111.16,1353.87,1010.103670999407,343.7663290005929
10,224.0,407.51,794.7,1097.1826384922226,302.4826384922226
6,383.0,462.79,800.3,916.209816221051,115.90981622105107
8,1005.0,1391.37,1987.39,1601.1913133020796,386.1986866979205
10,1145.0,311.43,1366.61,1335.0506384922228,31.559361507777112
5,1004.0,2367.63,1743.85,1799.1979322922432,55.347932292243286
5,873.0,1402.35,1676.79,1373.7859322922427,303.00406770775726
2,165.0,1813.32,1273.45,1114.5676709994068,158.88232900059324
5,1076.0,190.33,879.65,949.8779322922428,70.22793229224283
12,986.0,2390.92,1760.0,2240.918365903445,480.9183659034452
7,948.0,657.17,1578.97,1227.4226323189105,351.54736768108955
3,429.0,2400.13,1411.95,1502.8981879231035,90.94818792310343
4,362.0,646.43,788.53,851.0735821545788,62.54358215457887
2,622.0,1871.56,1494.23,1274.963670999407,219.26632900059303
1,140.0,255.99,150.34,399.396,249.056
8,123.0,612.55,851.24,1025.0633133020797,173.82331330207967
4,87.0,2463.92,1413.52,1495.5695821545787,82.04958215457873
10,164.0,1144.9,1516.43,1374.1386384922228,142.2913615077773
1,989.0,2196.84,1439.17,1430.4360000000001,8.733999999999924
4,470.0,1968.63,1501.1,1412.3535821545788,88.74641784542109
1,37.0,1397.17,1092.94,824.9680000000001,267.972
8,488.0,439.7,1030.13,1065.4233133020796,35.29331330207947
12,757.0,897.4,1780.07,1574.810365903445,205.25963409655492
14,958.0,1727.76,2065.16,2087.547640614487,22.38764061448728
2,456.0,2390.7,1342.39,1432.819670999407,90.42967099940688
5,733.0,41.18,771.83,787.3179322922429,15.487932292242817
5,291.0,1279.7,1477.12,1150.1259322922429,326.99406770775704
10,478.0,2091.79,1568.41,1847.0946384922227,278.6846384922226
8,817.0,1455.73,1847.26,1570.5353133020794,276.72468669792056
6,1043.0,1404.35,1807.42,1490.8338162210512,316.5861837789489
2,958.0,1855.58,1549.54,1369.371670999407,180.16832900059308
9,524.0,474.75,935.4,1152.4691147830717,217.06911478307177
6,45.0,81.59,522.58,662.329816221051,139.749816221051
8,342.0,2259.06,1502.02,1749.3673133020795,247.34731330207956
12,379.0,1897.29,1682.98,1861.3663659034453,178.38636590344527
6,333.0,1254.68,1585.02,1217.9658162210512,367.05418377894875
2,634.0,1739.81,1490.51,1225.8636709994068,264.64632900059314
5,285.0,974.73,1282.84,1026.3379322922428,256.5020677077571
12,33.0,1249.13,1707.38,1498.3023659034452,209.0776340965549
9,118.0,1285.82,1539.77,1355.097114783072,184.67288521692808
1,420.0,2273.6,1220.35,1290.44,70.09000000000015
11,312.0,2072.39,1586.22,1850.6348532404354,264.4148532404354
10,753.0,2054.02,1779.08,1914.486638492223,135.406638492223
5,125.0,96.38,570.99,626.9979322922429,56.00793229224291
6,597.0,888.84,1395.65,1150.829816221051,244.82018377894906
12,1065.0,203.2,1408.25,1389.530365903445,18.719634096554955
1,214.0,540.03,402.81,535.212,132.402
11,886.0,922.66,1852.24,1562.9428532404356,289.2971467595644
10,621.0,978.73,1656.28,1444.7706384922226,211.50936150777738
4,1000.0,2355.34,1699.56,1726.037582154579,26.477582154579068
13,534.0,1765.96,1881.36,1915.639530466962,34.279530466962115
6,475.0,1800.71,1671.23,1478.9778162210512,192.25218377894885
11,623.0,2265.21,1739.18,2021.0628532404357,281.8828532404357
1,620.0,973.91,1112.02,830.5640000000001,281.4559999999999
13,1004.0,1757.75,1960.67,2053.3555304669617,92.68553046696161
8,962.0,1929.63,1897.19,1803.5953133020796,93.59468669792045
14,516.0,1464.67,1842.1,1849.7116406144871,7.611640614487214
11,685.0,2272.75,1873.94,2042.6788532404357,168.73885324043567
3,307.0,266.21,540.97,612.7301879231035,71.76018792310344
3,375.0,1346.21,1339.93,1065.1301879231034,274.7998120768966
4,1124.0,2177.18,1567.43,1691.973582154579,124.54358215457887
3,779.0,2110.9,1520.73,1492.2061879231035,28.523812076896547
8,1173.0,671.25,1419.34,1363.5433133020797,55.79668669792022
14,47.0,1667.14,1745.18,1789.999640614487,44.81964061448684
3,981.0,2008.83,1539.47,1511.9781879231034,27.491812076896622
5,516.0,1450.67,1547.5,1286.013932292243,261.486067707757
6,471.0,332.51,872.19,890.497816221051,18.307816221050984
2,941.0,1565.77,1432.79,1248.347670999407,184.44232900059296
10,377.0,301.96,837.36,1100.8626384922227,263.5026384922227
7,273.0,285.83,793.58,876.3866323189104,82.80663231891037
1,458.0,834.7,737.28,726.2800000000001,10.999999999999886
11,772.0,932.31,1575.52,1532.6028532404355,42.9171467595645
11,36.0,1541.47,1593.24,1555.4668532404355,37.7731467595645
12,211.0,1048.29,1579.73,1471.366365903445,108.36363409655496
7,987.0,2164.1,1839.67,1841.8946323189102,2.224632318910153
9,662.0,2275.59,1599.27,1914.2051147830718,314.93511478307187
12,96.0,1164.37,1553.21,1483.298365903445,69.91163409655496
5,569.0,1856.7,1623.81,1464.325932292243,159.48406770775705
12,128.0,477.17,874.99,1218.018365903445,343.0283659034451
4,886.0,2401.28,1698.0,1710.213582154579,12.213582154578944
13,19.0,807.27,1331.53,1377.663530466962,46.13353046696193
8,275.0,2347.09,1454.47,1764.4793133020798,310.0093133020798
9,963.0,588.5,1434.42,1329.669114783072,104.75088521692805
14,1056.0,2489.69,1894.16,2421.719640614487,527.5596406144871
5,728.0,423.16,947.72,938.6099322922429,9.110067707757139
4,286.0,1063.49,418.17,995.0975821545787,576.9275821545787
11,332.0,1352.48,1663.39,1568.6708532404355,94.71914675956464
12,49.0,1118.38,1494.81,1450.8023659034452,44.00763409655474
2,18.0,2503.46,1206.95,1346.523670999407,139.5736709994069
14,592.0,1268.36,1930.24,1793.987640614487,136.25235938551305
3,892.0,171.32,875.39,750.2741879231035,125.11581207689653
11,741.0,1872.39,1847.08,1899.3348532404357,52.25485324043575
14,807.0,2358.41,1819.41,2294.5076406144867,475.09764061448664
5,873.0,1584.53,1796.7,1446.657932292243,350.04206770775704
3,1159.0,2209.44,1434.84,1645.6221879231036,210.78218792310372
11,920.0,1338.65,1871.27,1739.5388532404356,131.73114675956435
1,388.0,390.7,332.06,527.68,195.61999999999995
9,576.0,1059.79,1547.5,1402.0851147830717,145.41488521692827
9,524.0,2367.12,1640.78,1909.4171147830718,268.63711478307187
10,459.0,2183.11,1559.59,1877.9226384922229,318.33263849222294
4,725.0,588.9,1097.95,936.9615821545788,160.98841784542128
1,992.0,958.87,1222.41,936.1479999999999,286.26200000000017
10,536.0,2194.42,1615.13,1905.5466384922227,290.41663849222255
11,1126.0,1593.03,2143.74,1903.0908532404355,240.64914675956425
10,314.0,1098.8,1539.1,1400.6986384922227,138.4013615077772
1,9.0,2246.28,1120.22,1156.2120000000002,35.99200000000019
11,706.0,1508.23,2030.59,1743.1708532404357,287.4191467595642
10,976.0,2166.02,1775.03,2026.1866384922225,251.15663849222256
5,1028.0,653.19,1313.95,1120.621932292243,193.3280677077571
8,1166.0,99.47,1149.07,1132.7313133020796,16.338686697920366
12,882.0,1958.14,1944.88,2036.606365903445,91.72636590344496
11,448.0,732.79,1090.35,1355.5948532404357,265.24485324043576
7,623.0,1691.39,1800.86,1543.6106323189106,257.2493676810893
3,127.0,293.49,303.2,569.6421879231035,266.4421879231035
12,218.0,486.02,1005.67,1248.558365903445,242.8883659034451
3,1166.0,530.44,785.59,976.1221879231034,190.53218792310338
11,17.0,550.58,830.07,1153.4108532404355,323.3408532404354
9,696.0,1749.97,1649.49,1714.1571147830718,64.66711478307184
4,305.0,125.79,664.43,625.7175821545788,38.7124178454211
12,104.0,1300.05,1779.92,1539.970365903445,239.94963409655497
1,303.0,931.53,857.42,718.5120000000001,138.9079999999999
8,1012.0,2390.84,1732.12,2003.0793133020798,270.95931330207986
9,938.0,2224.29,1913.87,1976.4851147830718,62.61511478307193
3,471.0,288.19,535.67,670.7221879231033,135.05218792310336
5,72.0,977.67,1156.55,963.6139322922429,192.93606770775705
10,160.0,2272.56,1642.15,1824.0026384922226,181.85263849222247
10,965.0,1851.28,1805.77,1896.9906384922228,91.22063849222286
3,266.0,2178.16,1447.95,1365.2101879231034,82.73981207689667
12,734.0,2491.82,1792.31,2205.678365903445,413.368365903445
12,64.0,1641.01,1710.72,1664.3543659034451,46.36563409655491
9,497.0,1845.08,1674.09,1692.501114783072,18.41111478307198
3,781.0,1801.38,1586.21,1368.9981879231034,217.21181207689665
3,158.0,1070.74,1183.16,889.8421879231034,293.31781207689664
3,1096.0,200.27,802.96,823.0541879231034,20.09418792310339
11,1116.0,2067.8,1987.44,2089.998853240436,102.55885324043584
10,831.0,39.86,982.64,1132.2226384922226,149.5826384922226
14,124.0,1064.64,1761.68,1572.099640614487,189.58035938551302
4,10.0,1262.73,1261.41,991.9935821545789,269.41641784542117
5,955.0,106.86,897.78,880.1899322922429,17.590067707757044
7,1176.0,2489.13,1921.16,2028.6066323189104,107.44663231891036
6,803.0,465.6,1012.0,1043.3338162210512,31.333816221051165
9,868.0,62.12,1022.81,1090.6171147830719,67.80711478307194
1,181.0,128.05,225.12,360.52000000000004,135.40000000000003
3,70.0,631.88,564.16,687.8981879231035,123.73818792310351
8,1090.0,419.76,1189.47,1238.0473133020796,48.577313302079574
14,1184.0,2269.89,1943.24,2372.1996406144867,428.9596406144867
1,735.0,1676.9,1365.21,1146.2600000000002,218.94999999999982
2,547.0,119.09,509.52,551.4756709994069,41.95567099940695
11,265.0,218.66,949.34,1095.0428532404355,145.7028532404355
10,223.0,886.32,1305.54,1288.4066384922228,17.13336150777718
12,959.0,1947.82,1833.24,2055.578365903445,222.33836590344504
11,498.0,1578.39,1793.52,1708.8348532404357,84.6851467595643
14,127.0,988.4,1688.9,1542.5036406144868,146.39635938551328
3,621.0,214.08,779.66,686.0781879231034,93.58181207689654
6,1193.0,2241.5,1839.47,1870.6938162210513,31.223816221051266
4,448.0,2055.97,1497.46,1440.6895821545788,56.77041784542121
8,466.0,2064.63,1558.12,1708.7953133020796,150.67531330207976
12,229.0,1216.16,1696.65,1543.914365903445,152.73563409655503
13,658.0,559.48,1573.12,1470.247530466962,102.87246953303793
13,1034.0,2477.98,1842.24,2350.447530466962,508.20753046696177
4,842.0,2464.29,1611.66,1722.2175821545788,110.55758215457877
13,837.0,1218.93,1921.68,1787.727530466962,133.95246953303808
11,927.0,1306.37,1804.68,1728.7268532404355,75.95314675956456
4,1047.0,1657.68,1605.84,1461.0735821545788,144.76641784542107
4,262.0,1681.28,1435.34,1235.0135821545787,200.32641784542125
7,1126.0,1103.75,2014.72,1459.4546323189104,555.2653676810896
5,781.0,672.91,1125.36,1054.409932292243,70.95006770775694
5,831.0,591.65,1090.31,1036.9059322922428,53.40406770775712
7,1089.0,1026.25,2132.85,1417.3546323189105,715.4953676810894
1,793.0,2171.07,1421.36,1361.328,60.031999999999925
9,368.0,495.12,847.33,1113.817114783072,266.4871147830719
6,818.0,1130.38,1704.06,1313.745816221051,390.314183778949
11,667.0,1915.95,1732.2,1894.5588532404356,162.35885324043556
2,267.0,2116.93,1349.04,1266.6116709994067,82.4283290005933
10,1083.0,2105.36,1844.58,2034.022638492223,189.44263849222307
13,529.0,1767.79,2015.18,1914.871530466962,100.30846953303808
9,1155.0,1346.4,2248.12,1690.4291147830718,557.6908852169281
7,1185.0,1768.01,2072.18,1742.8586323189106,329.3213676810892
5,763.0,1420.94,1777.14,1348.221932292243,428.918067707757
7,368.0,1231.69,1550.04,1283.2306323189105,266.8093676810895
6,659.0,322.1,972.58,942.733816221051,29.846183778949012
14,1138.0,518.18,1696.86,1657.7156406144868,39.1443593855131
6,172.0,1977.78,1603.89,1458.905816221051,144.98418377894905
6,628.0,311.47,903.3,929.181816221051,25.881816221051054
2,500.0,1246.48,1264.53,988.3316709994069,276.19832900059305
8,7.0,2075.6,1422.12,1575.4833133020795,153.36331330207963
5,942.0,2092.87,1696.72,1670.6939322922428,26.026067707757193
12,81.0,2485.34,1589.65,2007.186365903445,417.5363659034449
4,166.0,791.52,866.18,850.3095821545787,15.87041784542123
3,213.0,1724.85,1344.71,1167.9861879231034,176.7238120768966
11,1004.0,167.15,1175.65,1296.1388532404355,120.48885324043545
5,116.0,478.1,624.04,776.9859322922429,152.9459322922429
13,112.0,2299.56,1807.67,2002.479530466962,194.80953046696186
1,43.0,2149.22,1134.47,1127.5880000000002,6.8819999999998345
2,660.0,1944.4,1531.2,1315.499670999407,215.700329000593
10,888.0,298.68,1171.54,1252.8506384922225,81.31063849222255
10,860.0,2380.76,1759.97,2077.2826384922228,317.31263849222273
10,1187.0,1981.09,2013.21,2015.5146384922227,2.3046384922226935
12,1139.0,124.65,1314.3,1380.310365903445,66.01036590344506
5,966.0,359.51,927.98,984.5499322922428,56.56993229224281
10,796.0,1352.08,2000.19,1646.6106384922225,353.57936150777755
9,72.0,1281.32,1515.54,1339.4971147830718,176.0428852169282
10,215.0,2440.91,1638.66,1907.8426384922227,269.1826384922226
7,671.0,1297.02,1703.2,1400.2626323189104,302.93736768108965
5,230.0,333.69,538.36,753.4219322922429,215.0619322922429
5,467.0,1243.31,1549.82,1188.3699322922428,361.45006770775717
13,247.0,2339.61,1705.9,2058.999530466962,353.0995304669618
14,777.0,1248.61,1837.25,1841.5876406144869,4.337640614486872
11,740.0,1171.99,902.09,1618.8748532404356,716.7848532404356
6,884.0,1798.31,1897.87,1600.7178162210512,297.1521837789487
5,789.0,1853.31,1792.88,1528.9699322922431,263.910067707757
4,825.0,874.99,784.52,1081.397582154579,296.87758215457893
2,301.0,769.23,731.28,737.7316709994069,6.451670999406929
12,1007.0,1353.77,1925.32,1832.358365903445,92.96163409655492
5,865.0,644.79,1202.46,1068.361932292243,134.09806770775708
14,81.0,1251.97,1682.62,1634.131640614487,48.48835938551292
8,1159.0,2175.27,1752.18,1960.9513133020798,208.77131330207976
11,496.0,373.98,1152.99,1226.4708532404356,73.48085324043564
1,752.0,1632.35,1362.39,1133.54,228.85000000000014
5,1014.0,1853.57,1749.31,1596.573932292243,152.736067707757
9,686.0,145.66,972.95,1069.433114783072,96.48311478307187
5,654.0,1272.89,1724.68,1256.301932292243,468.37806770775705
8,621.0,2391.34,1593.12,1885.9793133020796,292.8593133020797
9,1080.0,539.51,1306.91,1345.173114783072,38.26311478307184
10,714.0,269.06,1067.81,1188.8026384922227,120.9926384922228
10,816.0,1425.64,1872.81,1682.0346384922227,190.77536150777723
14,1122.0,1766.25,2239.35,2152.143640614487,87.20635938551277
4,1202.0,1074.87,1501.24,1274.4495821545788,226.7904178454212
5,651.0,1573.3,1682.08,1375.565932292243,306.514067707757
14,1100.0,237.69,1265.57,1534.119640614487,268.5496406144871
14,296.0,485.68,924.9,1392.115640614487,467.2156406144869
1,697.0,2148.5,1421.07,1323.5,97.56999999999994
6,1044.0,47.46,1133.45,948.377816221051,185.072183778949
12,398.0,2481.44,1755.18,2100.726365903445,345.5463659034451
3,139.0,2428.89,1345.66,1427.4021879231034,81.7421879231033
6,84.0,852.7,1109.32,982.4738162210512,126.84618377894878
2,423.0,1639.17,1367.64,1122.307670999407,245.33232900059306
11,815.0,2385.6,1872.44,2126.8188532404356,254.37885324043555
6,577.0,897.74,1257.31,1148.389816221051,108.92018377894897
8,200.0,1508.89,1461.33,1406.6993133020796,54.63068669792028
9,1102.0,540.6,1455.85,1352.2091147830718,103.64088521692815
12,508.0,1970.54,1770.91,1929.366365903445,158.45636590344498
13,1024.0,1712.85,2097.69,2041.3955304669619,56.29446953303818
7,1161.0,1499.97,1862.45,1628.4426323189105,234.0073676810896
2,730.0,285.24,624.78,672.835670999407,48.05567099940697
13,996.0,1809.2,1956.89,2071.535530466962,114.64553046696187
5,1160.0,1901.83,1673.89,1659.677932292243,14.212067707757114
2,1139.0,306.43,726.14,804.011670999407,77.871670999407
14,191.0,2442.76,1798.47,2143.447640614487,344.9776406144872
7,776.0,2447.82,1826.93,1892.0826323189106,65.15263231891049
14,414.0,1919.7,1918.89,2001.1236406144872,82.23364061448706
7,847.0,1994.62,1851.7,1732.1026323189103,119.59736768108974
6,924.0,1227.21,1871.76,1384.2778162210511,487.48218377894887
2,933.0,1589.58,1489.99,1255.4716709994068,234.5183290005932
1,211.0,958.08,891.9,701.5319999999999,190.36800000000005
10,773.0,865.92,1837.11,1445.2466384922227,391.8633615077772
3,196.0,1211.68,1229.87,957.6181879231034,272.2518120768965
14,49.0,954.02,1480.87,1505.351640614487,24.481640614487105
5,477.0,655.24,935.38,956.1419322922429,20.761932292242932
5,828.0,1606.84,1690.82,1442.081932292243,248.73806770775695
11,458.0,1364.29,1649.04,1611.1948532404358,37.84514675956416
3,289.0,1245.67,1279.31,999.1141879231035,280.19581207689646
1,1060.0,501.67,658.14,773.668,115.52800000000002
5,1085.0,2486.43,1664.83,1871.017932292243,206.18793229224298
4,675.0,381.48,779.68,838.9935821545788,59.31358215457885
8,415.0,1214.97,1473.75,1353.6313133020797,120.11868669792034
6,425.0,709.75,1114.9,1027.5938162210512,87.30618377894893
7,313.0,2408.02,1637.65,1737.2626323189106,99.61263231891053
13,235.0,426.07,897.26,1289.9835304669618,392.72353046696185
7,635.0,1406.31,1630.66,1433.1786323189103,197.48136768108975
10,1009.0,2164.22,1889.87,2035.3666384922228,145.49663849222293
3,692.0,450.7,748.57,802.0261879231034,53.45618792310336
2,91.0,1073.76,1013.78,796.5436709994069,217.23632900059306
8,1187.0,1045.91,2047.06,1517.6073133020795,529.4526866979204
14,600.0,1120.05,1847.84,1737.063640614487,110.77635938551293
5,210.0,710.49,483.34,898.1419322922429,414.80193229224295
12,10.0,1203.1,1564.9,1472.990365903445,91.90963409655501
1,452.0,275.05,282.89,500.62,217.73000000000002
4,256.0,2218.74,1476.03,1448.1975821545786,27.832417845421332
8,312.0,2383.17,1557.27,1790.0113133020795,232.74131330207956
2,1175.0,816.2,1237.62,1018.719670999407,218.90032900059293
11,960.0,383.64,1248.46,1369.5348532404355,121.07485324043546
6,690.0,1009.37,1559.83,1226.941816221051,332.8881837789488
14,487.0,579.29,1516.68,1486.859640614487,29.82035938551303
8,75.0,315.71,593.83,891.9273133020796,298.09731330207956
13,360.0,271.93,1017.64,1265.827530466962,248.1875304669619
11,708.0,1871.77,1916.37,1889.1868532404358,27.183146759564124
3,182.0,347.82,384.77,607.8741879231035,223.1041879231035
10,683.0,2442.92,1643.68,2049.046638492223,405.3666384922228
5,392.0,1264.6,1465.72,1174.3859322922428,291.3340677077572
10,175.0,1443.25,1635.5,1496.7786384922229,138.72136150777715
7,577.0,1959.13,1603.6,1636.9066323189104,33.30663231891049
13,799.0,951.92,1793.36,1669.523530466962,123.83646953303787
13,608.0,370.89,1170.54,1379.811530466962,209.27153046696208
7,194.0,202.49,686.23,819.3506323189105,133.12063231891045
13,889.0,232.72,1394.38,1408.843530466962,14.463530466961856
7,901.0,136.8,1222.6,1005.1746323189104,217.42536768108948
1,698.0,1525.82,1398.75,1074.728,324.02199999999993
9,592.0,793.55,1235.69,1300.3891147830718,64.69911478307176
14,1015.0,871.76,1846.41,1762.247640614487,84.16235938551313
9,524.0,136.46,848.89,1017.1531147830719,168.26311478307196
5,781.0,2114.27,1789.85,1630.953932292243,158.89606770775686
3,200.0,58.24,494.63,497.4421879231034,2.8121879231034086
5,503.0,2335.55,1649.42,1636.0659322922431,13.35406770775694
11,667.0,2221.67,1872.89,2016.8468532404356,143.95685324043552
7,336.0,1843.58,1691.68,1518.3866323189104,173.29336768108965
4,217.0,1506.46,1455.37,1151.5855821545788,303.7844178454211
8,207.0,1146.93,1479.01,1264.0153133020794,214.99468669792054
7,690.0,1807.71,1710.98,1610.2386323189105,100.74136768108951
2,251.0,1916.43,1285.2,1181.611670999407,103.58832900059315
4,627.0,956.98,1337.63,1054.7935821545789,282.83641784542124
1,432.0,581.71,448.34,617.284,168.94400000000002
4,1194.0,2250.51,1691.15,1742.305582154579,51.15558215457895
10,64.0,455.9,774.64,1068.5386384922228,293.89863849222286
8,15.0,377.85,657.8,898.7833133020796,240.98331330207964
11,741.0,1207.39,1878.06,1633.3348532404357,244.72514675956427
8,638.0,1007.48,1483.06,1337.5353133020797,145.5246866979203
12,965.0,1700.28,1879.09,1958.3623659034452,79.27236590344523
8,1182.0,990.07,1840.75,1493.7713133020795,346.97868669792047
13,1062.0,869.28,2090.54,1715.3675304669619,375.1724695330381
1,754.0,1220.47,1346.14,969.3880000000001,376.75199999999995
14,767.0,186.47,1292.77,1413.7316406144869,120.9616406144869
11,775.0,1752.23,1809.29,1861.4708532404356,52.18085324043568
8,592.0,1402.98,1561.41,1481.9353133020795,79.47468669792056
6,957.0,727.75,1448.72,1194.393816221051,254.32618377894892
9,800.0,2167.72,1726.51,1912.4571147830718,185.9471147830718
6,1198.0,222.6,1107.96,1064.633816221051,43.326183778949144
3,1092.0,1737.65,1462.01,1436.8061879231034,25.20381207689661
12,958.0,2499.84,1791.69,2276.0863659034453,484.39636590344526
11,955.0,1282.19,2000.42,1727.4548532404356,272.9651467595645
11,605.0,1880.69,1711.55,1861.8548532404357,150.3048532404357
7,670.0,1558.02,1702.81,1504.3626323189105,198.44736768108942
11,844.0,1962.77,1787.57,1966.3868532404356,178.81685324043565
3,718.0,1158.02,1416.98,1092.7541879231035,324.22581207689655
6,323.0,1477.23,1608.55,1303.9858162210512,304.56418377894875
14,616.0,2374.41,1828.37,2243.607640614487,415.2376406144872
8,752.0,1519.78,1662.92,1576.6553133020795,86.26468669792052
1,1166.0,1423.69,1412.13,1174.276,237.85400000000004
3,1187.0,1632.14,1451.85,1423.1021879231034,28.74781207689648
3,1013.0,166.52,711.07,784.6541879231033,73.58418792310329
5,741.0,429.24,951.92,944.9419322922429,6.978067707757077
14,467.0,2176.26,1809.83,2119.647640614487,309.8176406144871
3,224.0,358.77,406.36,624.8541879231035,218.49418792310348
3,712.0,512.23,751.16,832.6381879231035,81.47818792310352
12,218.0,901.03,1371.86,1414.5623659034452,42.7023659034453
6,373.0,587.38,956.61,963.045816221051,6.435816221051027
8,562.0,2479.33,1478.31,1903.4753133020795,425.16531330207954
5,132.0,2387.03,1454.05,1545.3579322922428,91.30793229224287
3,98.0,871.46,866.05,792.1301879231034,73.9198120768965
14,545.0,1206.76,1977.89,1755.247640614487,222.64235938551315
1,869.0,1498.88,1398.94,1115.252,283.6880000000001
2,875.0,393.25,640.56,759.539670999407,118.97967099940706
8,888.0,2296.07,1718.71,1927.9713133020796,209.26131330207954
1,716.0,1396.41,1376.59,1028.364,348.2259999999999
8,1025.0,1031.33,2214.64,1463.1753133020795,751.4646866979203
9,1064.0,2016.76,1810.94,1931.273114783072,120.333114783072
4,463.0,1963.41,1607.34,1408.165582154579,199.17441784542098
1,678.0,1478.57,1370.31,1049.828,320.48199999999997
1,436.0,1358.14,1154.03,929.056,224.97399999999993
5,586.0,2135.36,1661.61,1580.889932292243,80.72006770775693
1,797.0,126.8,543.18,544.82,1.6400000000001
14,481.0,939.99,877.17,1629.339640614487,752.1696406144871
7,172.0,1486.86,1557.94,1326.4986323189105,231.44136768108956
10,1192.0,23.47,1157.87,1233.9666384922227,76.09663849222284
7,981.0,658.85,1351.69,1237.9946323189104,113.69536768108969
10,692.0,1671.71,1701.23,1743.2626384922228,42.03263849222276
13,710.0,2223.86,1979.83,2151.5995304669623,171.76953046696235
12,380.0,1526.79,1787.41,1713.466365903445,73.94363409655512
3,133.0,1728.5,1373.4,1145.4461879231035,227.9538120768966
4,730.0,799.25,1250.66,1022.6015821545789,228.05841784542122
12,1070.0,1055.51,2030.76,1731.954365903445,298.80563409655497
8,1185.0,554.98,1545.67,1320.6353133020796,225.0346866979205
11,456.0,2223.72,1600.1,1954.3668532404356,354.2668532404357
12,85.0,1056.43,1466.31,1436.8223659034452,29.487634096554757
2,543.0,103.37,544.12,543.987670999407,0.13232900059301755
6,367.0,1947.68,1606.76,1505.365816221051,101.3941837789489
1,481.0,1792.17,1215.84,1116.1680000000001,99.6719999999998
5,233.0,1862.04,1562.23,1365.661932292243,196.5680677077571
1,45.0,1070.22,922.69,696.588,226.1020000000001
5,152.0,2444.81,1523.75,1574.469932292243,50.7199322922429
7,344.0,1242.05,1514.4,1280.1746323189104,234.22536768108966
5,320.0,1584.55,1584.73,1280.765932292243,303.96406770775707
9,989.0,378.12,1193.72,1253.317114783072,59.5971147830719
10,57.0,936.89,1237.07,1258.8346384922227,21.76463849222273
12,342.0,2253.61,1659.5,1992.794365903445,333.29436590344494
2,983.0,2109.93,1519.98,1478.6116709994071,41.368329000592894
10,886.0,1990.03,1749.93,1928.7906384922228,178.86063849222273
10,5.0,836.86,1116.56,1203.2226384922228,86.66263849222287
3,80.0,517.54,457.49,645.1621879231034,187.67218792310337
8,482.0,1411.49,631.81,1452.3393133020795,820.5293133020796
4,11.0,312.01,426.22,612.0055821545787,185.78558215457872
12,1075.0,2328.11,1798.38,2242.494365903445,444.1143659034451
13,632.0,268.91,1396.28,1346.219530466962,50.06046953303803
8,323.0,46.48,703.45,858.6353133020796,155.18531330207952
11,527.0,1550.32,1806.06,1706.3068532404354,99.75314675956452
5,948.0,898.6,1499.68,1194.785932292243,304.89406770775713
5,504.0,1502.63,1628.66,1303.197932292243,325.4620677077571
10,793.0,1422.29,2007.62,1673.794638492223,333.82536150777696
13,32.0,232.43,805.12,1151.6275304669618,346.50753046696184
9,768.0,1815.6,1666.18,1762.0091147830717,95.82911478307165
9,994.0,1742.62,1849.58,1800.6171147830719,48.96288521692804
1,1105.0,1432.3,1387.17,1159.42,227.75
12,178.0,507.59,907.19,1245.1863659034452,337.99636590344517
10,472.0,431.95,924.65,1181.3586384922226,256.7086384922226
5,716.0,1111.23,1492.08,1210.237932292243,281.842067707757
3,771.0,725.67,1166.93,935.7141879231033,231.21581207689678
13,1054.0,1131.25,2162.03,1817.755530466962,344.2744695330382
10,872.0,2191.27,1776.62,2005.0866384922226,228.46663849222273
12,1077.0,32.55,1387.43,1324.870365903445,62.5596340965551
12,211.0,749.56,1285.23,1351.874365903445,66.64436590344508
4,199.0,1310.01,1400.57,1067.6055821545788,332.96441784542117
2,1029.0,1702.6,1577.55,1329.4796709994068,248.07032900059312
10,643.0,2263.77,1685.92,1965.3866384922228,279.4666384922227
10,797.0,1706.73,1724.42,1788.7706384922226,64.35063849222252
12,657.0,322.5,1113.16,1314.850365903445,201.6903659034449
8,177.0,486.06,751.58,990.6673133020796,239.08731330207956
2,222.0,456.24,437.4,588.835670999407,151.43567099940697
3,555.0,2342.76,1458.63,1517.7501879231036,59.12018792310346
2,785.0,1964.63,1522.76,1361.0916709994071,161.66832900059285
5,104.0,281.67,464.68,694.813932292243,230.13393229224295
1,673.0,2026.16,1372.83,1267.364,105.4659999999999
10,877.0,1711.12,1897.37,1814.5266384922224,82.84336150777744
1,250.0,1300.17,1145.33,850.0680000000001,295.26199999999983
1,467.0,296.49,221.23,513.696,292.466
10,1026.0,828.82,1865.67,1506.3066384922226,359.3633615077774
11,1106.0,2250.54,2050.62,2160.094853240436,109.474853240436
12,452.0,816.56,1243.1,1450.974365903445,207.8743659034451
14,865.0,2497.16,1885.87,2367.407640614487,481.5376406144869
8,107.0,2450.89,1468.19,1755.5993133020795,287.40931330207945
8,80.0,1092.18,1365.73,1204.0153133020797,161.71468669792034
8,945.0,766.98,1625.53,1333.4353133020795,292.09468669792045
13,1140.0,1607.8,2214.64,2034.1755304669618,180.46446953303803
2,636.0,1438.19,1435.96,1105.815670999407,330.14432900059296
14,865.0,1422.11,1921.18,1937.3876406144868,16.207640614486763
12,482.0,1710.47,1746.74,1817.538365903445,70.79836590344507
2,68.0,756.61,648.53,662.7836709994069,14.25367099940695
14,512.0,526.84,1306.64,1473.379640614487,166.73964061448692
14,1001.0,1647.24,2080.0,2068.239640614487,11.760359385512857
1,547.0,573.6,616.27,648.5400000000001,32.270000000000095
10,5.0,1338.9,1610.25,1404.0386384922226,206.21136150777738
3,1158.0,1107.4,1361.3,1204.5061879231034,156.79381207689653
1,993.0,1143.58,1328.85,1010.332,318.5179999999999
6,378.0,837.63,1215.96,1064.645816221051,151.31418377894897
11,1156.0,2231.86,1988.56,2167.6228532404357,179.06285324043574
5,1050.0,882.86,1430.04,1219.0899322922428,210.95006770775717
8,836.0,735.52,1606.63,1288.1513133020796,318.47868669792047
11,654.0,1516.42,1870.43,1730.8468532404356,139.58314675956444
8,633.0,1308.36,1639.12,1456.3873133020797,182.73268669792014
12,713.0,1642.01,1873.19,1859.4543659034453,13.735634096554804
5,96.0,1105.47,1312.16,1021.9339322922428,290.22606770775724
7,1054.0,576.47,1344.18,1226.9426323189105,117.23736768108961
12,495.0,1948.13,1831.92,1916.502365903445,84.58236590344495
1,1068.0,2011.28,1421.45,1379.9120000000003,41.53799999999978
7,1000.0,1620.46,1971.23,1628.3386323189106,342.8913676810894
13,855.0,1798.75,1951.77,2025.055530466962,73.28553046696197
8,544.0,1279.51,1483.77,1418.1473133020797,65.62268669792024
11,816.0,544.99,1077.12,1390.8748532404356,313.75485324043575
5,1080.0,2383.82,1664.76,1828.473932292243,163.71393229224304
8,1124.0,1908.69,1833.27,1843.8193133020798,10.549313302079781
3,29.0,1632.85,1269.1,1075.9861879231034,193.11381207689647
6,470.0,2235.72,1628.6,1651.481816221051,22.881816221051167
7,287.0,2293.5,1558.09,1683.6546323189104,125.56463231891053
4,72.0,1367.29,1302.97,1052.4175821545787,250.55241784542136
6,344.0,233.31,800.18,812.7178162210512,12.53781622105123
8,801.0,1241.21,1780.65,1479.9273133020795,300.7226866979206
5,629.0,484.34,1029.87,933.3819322922429,96.48806770775695
11,327.0,961.08,1356.46,1410.6108532404355,54.15085324043548
14,94.0,105.94,1180.63,1179.619640614487,1.010359385513084
4,1113.0,2103.82,1695.08,1659.329582154579,35.750417845421
14,267.0,2090.21,1968.4,2025.227640614487,56.82764061448688
1,979.0,1292.54,1313.53,1065.716,247.81400000000008
10,625.0,519.94,1229.41,1262.4546384922228,33.0446384922227
14,457.0,848.61,1492.64,1585.5876406144869,92.94764061448677
11,398.0,723.39,1154.77,1336.8348532404357,182.0648532404357
14,68.0,438.96,866.76,1305.0276406144872,438.26764061448716
3,769.0,2497.93,1587.8,1644.0181879231034,56.218187923103415
13,694.0,1054.31,1815.02,1678.979530466962,136.04046953303805
12,1088.0,1977.91,1883.21,2106.3143659034454,223.10436590344534
9,101.0,950.23,1281.64,1215.761114783072,65.87888521692821
1,170.0,2452.85,1209.08,1287.1399999999999,78.05999999999995
12,1135.0,475.95,1447.39,1519.6303659034452,72.24036590344508
3,1109.0,2092.26,1436.66,1583.7501879231036,147.09018792310349
7,753.0,358.13,1084.79,1049.3066323189105,35.483367681089476
2,521.0,467.19,667.85,682.9156709994069,15.065670999406848
12,1003.0,983.23,1996.18,1682.942365903445,313.237634096555
3,269.0,708.05,799.12,778.0661879231034,21.053812076896634
14,646.0,2418.19,1931.21,2270.1196406144873,338.9096406144872
14,1153.0,346.58,1292.93,1593.575640614487,300.64564061448687
4,18.0,289.06,380.88,604.9255821545788,224.04558215457882
13,1167.0,1074.36,2197.33,1828.8995304669618,368.43046953303815
1,1113.0,1536.0,1403.6,1203.3000000000002,200.29999999999973
6,930.0,1907.95,1788.75,1658.3738162210511,130.37618377894887
5,714.0,617.72,1164.2,1012.233932292243,151.96606770775702
7,256.0,2180.53,1548.87,1629.1666323189104,80.2966323189105
9,1063.0,2497.79,1761.94,2123.385114783072,361.44511478307186
11,512.0,2016.19,1710.53,1888.1548532404356,177.62485324043564
9,463.0,1024.53,1476.48,1354.0811147830718,122.39888521692819
12,714.0,2003.23,1829.06,2004.242365903445,175.1823659034451
9,1165.0,1868.79,1945.95,1902.385114783072,43.56488521692813
1,872.0,2420.07,1456.34,1484.6280000000002,28.28800000000024
10,631.0,1220.71,1730.86,1544.5626384922227,186.29736150777717
9,633.0,888.17,1384.78,1350.537114783072,34.242885216928016
4,1065.0,119.34,781.82,851.1375821545788,69.31758215457876
12,947.0,193.05,1225.63,1350.070365903445,124.4403659034449
4,159.0,568.58,647.0,759.0335821545789,112.03358215457888
1,292.0,449.83,363.02,522.532,159.51200000000006
1,1115.0,926.13,1192.88,959.952,232.9280000000001
7,1168.0,667.94,1639.55,1297.7306323189105,341.8193676810895
4,348.0,2047.08,1507.04,1407.133582154579,99.90641784542095
8,77.0,1930.98,1485.69,1538.6353133020796,52.94531330207951
7,1033.0,1013.03,2119.83,1395.2666323189105,724.5633676810894
4,672.0,1603.52,1612.43,1326.9095821545789,285.5204178454212
4,1191.0,999.45,1478.93,1240.9815821545787,237.94841784542132
8,392.0,661.27,978.13,1125.2513133020796,147.12131330207956
7,951.0,584.4,1253.76,1199.2146323189104,54.5453676810896
5,778.0,2423.47,1643.96,1753.733932292243,109.77393229224299
11,958.0,1999.13,1900.18,2015.1308532404355,114.95085324043544
3,186.0,1068.31,1152.04,897.2701879231033,254.76981207689664
5,1116.0,2460.46,1711.97,1869.929932292243,157.9599322922429
13,63.0,107.92,710.25,1111.1235304669622,400.87353046696217
6,170.0,476.99,600.23,857.9898162210511,257.7598162210511
3,870.0,413.23,795.8,840.4381879231034,44.63818792310349
12,852.0,1957.9,1944.89,2027.510365903445,82.62036590344496
6,420.0,386.77,929.16,896.901816221051,32.25818377894893
6,668.0,1922.45,1796.98,1585.5738162210512,211.40618377894884
8,795.0,1645.99,644.69,1640.0393133020798,995.3493133020797
4,420.0,927.74,1238.04,980.9975821545788,257.04241784542114
12,1074.0,2407.71,1843.97,2274.034365903445,430.06436590344515
12,916.0,2394.85,1740.85,2221.4903659034453,480.6403659034454
4,1075.0,586.17,1023.65,1040.869582154579,17.219582154578916
5,1143.0,1217.72,1745.09,1380.9339322922428,364.1560677077571
2,719.0,591.44,755.3,792.0156709994069,36.71567099940694
4,197.0,1858.84,1416.33,1286.5375821545788,129.79241784542114
6,248.0,395.4,710.15,848.753816221051,138.60381622105103
10,834.0,1820.8,1883.49,1845.4986384922229,37.99136150777713
1,1112.0,2011.44,1423.85,1393.176,30.673999999999978
12,1189.0,1453.16,2162.13,1926.7143659034452,235.41563409655487
14,269.0,1349.61,1832.34,1729.5876406144869,102.75235938551305
7,671.0,1262.85,1600.42,1386.5946323189103,213.8253676810898
9,52.0,350.58,601.81,961.2011147830718,359.3911147830719
14,976.0,1526.58,1995.87,2012.4756406144868,16.6056406144869
2,370.0,1554.5,1311.23,1072.539670999407,238.690329000593
4,1180.0,1948.55,1565.16,1617.321582154579,52.16158215457881
5,36.0,2022.94,1410.58,1370.921932292243,39.65806770775703
5,691.0,1030.64,1465.26,1170.501932292243,294.75806770775694
8,52.0,2353.5,1485.05,1700.1433133020796,215.09331330207965
11,24.0,2029.04,1569.37,1746.8948532404356,177.52485324043573
8,221.0,936.98,1287.0,1184.2353133020795,102.76468669792052
1,85.0,89.83,175.53,316.432,140.90200000000002
7,803.0,12.75,1146.78,926.1546323189104,220.62536768108953
12,893.0,910.41,1862.13,1620.814365903445,241.3156340965552
14,113.0,1091.13,1703.02,1579.395640614487,123.62435938551289
5,516.0,1878.49,669.85,1457.141932292243,787.2919322922429
14,904.0,2005.96,1970.01,2182.627640614487,212.61764061448707
1,1058.0,1601.04,1465.9,1212.816,253.08400000000006
14,555.0,313.73,1201.26,1401.035640614487,199.77564061448697
7,738.0,730.28,1429.72,1193.6666323189106,236.0533676810894
8,792.0,2437.24,1556.7,1955.6393133020795,398.9393133020794
5,831.0,432.8,901.36,973.3659322922429,72.00593229224285
7,709.0,320.8,1116.62,1021.1746323189104,95.44536768108946
9,1078.0,161.85,1260.96,1193.5091147830717,67.45088521692833
2,616.0,968.93,1163.1,912.1116709994069,250.988329000593
2,570.0,2297.12,1423.86,1429.5876709994068,5.727670999406882
9,13.0,986.41,1271.52,1203.833114783072,67.68688521692798
7,381.0,2106.96,1705.27,1637.2386323189105,68.03136768108948
9,460.0,2424.47,1624.68,1913.1571147830718,288.4771147830718
4,425.0,1286.54,1449.26,1126.0175821545788,323.2424178454212
11,437.0,1053.24,1630.47,1480.4748532404356,149.99514675956448
9,1000.0,1901.79,1778.65,1866.0851147830717,87.43511478307164
1,553.0,1687.11,1295.34,1095.7440000000001,199.59599999999978
10,5.0,1094.06,1361.08,1306.1026384922227,54.97736150777723
12,931.0,864.21,1663.58,1613.734365903445,49.84563409655493
6,436.0,914.53,1389.11,1112.8058162210511,276.30418377894875
3,1074.0,247.32,636.02,835.2741879231035,199.25418792310347
9,896.0,1398.54,1727.1,1633.585114783072,93.51488521692795
1,462.0,2047.57,1202.9,1212.628,9.727999999999838
3,665.0,2418.16,1490.96,1580.9101879231034,89.95018792310339
11,532.0,2419.86,1653.69,2055.6228532404357,401.93285324043563
9,483.0,52.64,949.04,971.3251147830719,22.28511478307189
12,296.0,326.83,981.72,1208.282365903445,226.56236590344497
9,131.0,1990.0,1557.2,1640.6691147830718,83.46911478307175
6,836.0,2035.17,1718.79,1681.061816221051,37.72818377894896
10,532.0,1223.36,1631.49,1515.9226384922226,115.56736150777738
14,595.0,2140.61,1989.13,2143.787640614487,154.6576406144868
7,623.0,1894.02,1739.49,1624.6626323189107,114.8273676810893
5,1077.0,2234.35,1665.23,1767.7859322922427,102.55593229224269
5,579.0,1018.52,1468.01,1132.053932292243,335.95606770775703
8,255.0,1817.19,1510.91,1546.5193133020798,35.60931330207973
8,1009.0,1378.07,1903.76,1597.0713133020797,306.6886866979203
10,87.0,498.96,781.97,1092.6626384922226,310.6926384922226
1,809.0,1734.56,1447.25,1191.5240000000001,255.72599999999989
9,1079.0,1981.94,1763.16,1921.845114783072,158.68511478307187
8,1134.0,1049.84,2073.13,1503.2793133020796,569.8506866979205
8,403.0,654.97,895.14,1126.0313133020798,230.89131330207977
8,534.0,429.88,916.02,1075.2953133020796,159.27531330207967
13,564.0,2245.56,1745.09,2116.479530466962,371.389530466962
2,752.0,958.29,1144.41,948.655670999407,195.7543290005931
11,293.0,1410.0,1673.7,1579.9788532404357,93.72114675956436
5,919.0,470.23,1119.17,1014.7379322922429,104.43206770775714
5,103.0,333.22,573.58,715.1339322922429,141.55393229224285
1,893.0,19.76,570.71,530.804,39.90600000000006
12,37.0,52.65,789.01,1020.910365903445,231.90036590344505
8,1142.0,776.74,1827.44,1396.4393133020794,431.0006866979206
5,332.0,218.03,801.73,737.7579322922429,63.972067707757105
7,950.0,1739.62,2032.23,1661.0026323189104,371.2273676810896
9,223.0,1916.03,1623.73,1638.681114783072,14.951114783071944
6,522.0,1210.87,1577.01,1257.141816221051,319.86818377894906
12,46.0,2077.07,1666.29,1833.378365903445,167.08836590344504
2,252.0,1545.94,1300.19,1033.715670999407,266.4743290005931
14,999.0,619.42,1510.57,1656.511640614487,145.94164061448714
13,125.0,2004.61,1721.56,1888.399530466962,166.83953046696206
9,597.0,625.99,990.84,1234.8651147830717,244.02511478307167
3,289.0,853.79,969.85,842.3621879231034,127.4878120768966
7,953.0,1918.24,1833.56,1733.3506323189104,100.20936768108959
4,275.0,2359.64,1483.58,1510.2575821545788,26.677582154578886
5,755.0,1584.41,1729.08,1411.2099322922431,317.8700677077568
9,803.0,880.17,1589.75,1398.3371147830717,191.41288521692832
11,293.0,285.14,966.87,1130.0348532404357,163.16485324043572
6,164.0,1460.21,1535.3,1249.4778162210512,285.8221837789488
12,675.0,2277.93,1807.33,2102.422365903445,295.09236590344517
11,859.0,146.71,1267.98,1244.4628532404356,23.51714675956441
2,296.0,1878.7,1354.0,1180.0196709994068,173.9803290005932
7,300.0,2417.85,1634.04,1737.2946323189103,103.25463231891035
2,1155.0,1517.18,1543.17,1293.1116709994071,250.05832900059295
5,765.0,480.48,1038.42,972.6379322922429,65.78206770775716
9,1097.0,2330.2,1728.07,2066.5491147830717,338.47911478307174
4,422.0,2049.71,1491.9,1430.3855821545787,61.51441784542135
14,1020.0,510.33,1406.95,1619.175640614487,212.22564061448702
4,205.0,545.57,682.22,763.6295821545789,81.40958215457886
12,1046.0,1850.85,1875.72,2042.8903659034452,167.17036590344514
4,1001.0,739.08,1116.31,1079.8335821545788,36.47641784542111
9,938.0,742.17,1632.1,1383.6371147830719,248.46288521692804
5,351.0,407.74,883.11,819.3419322922429,63.768067707757154
9,748.0,653.42,1249.66,1291.1371147830719,41.477114783071784
13,1186.0,2462.26,1906.35,2389.759530466962,483.4095304669622
6,384.0,1656.04,1682.33,1393.809816221051,288.5201837789489
10,150.0,418.41,844.9,1079.3426384922227,234.44263849222273
10,783.0,158.93,993.55,1165.4506384922227,171.9006384922227
6,372.0,2494.69,1742.34,1725.669816221051,16.670183778948967
10,958.0,1643.76,1827.18,1811.8826384922227,15.297361507777396
8,34.0,1225.2,1438.52,1243.4233133020796,195.0966866979204
7,151.0,2461.93,1516.58,1710.2266323189103,193.6466323189104
7,150.0,1379.35,1500.09,1276.8946323189105,223.19536768108946
6,751.0,2085.98,1757.81,1675.885816221051,81.92418377894887
7,568.0,159.12,738.92,914.2026323189104,175.2826323189105
12,574.0,2240.9,1785.72,2057.310365903445,271.590365903445
13,36.0,808.38,1190.16,1383.207530466962,193.04753046696192
14,595.0,1818.77,1889.9,2015.051640614487,125.15164061448695
7,381.0,2342.27,1705.24,1731.3626323189103,26.12263231891029
14,174.0,815.3,1295.14,1487.3636406144872,192.22364061448707
11,226.0,2013.45,1590.82,1801.2588532404357,210.43885324043572
13,137.0,1505.66,1777.72,1692.419530466962,85.30046953303804
13,774.0,206.45,1110.0,1363.835530466962,253.83553046696193
5,1120.0,1514.91,1658.97,1492.909932292243,166.06006770775707
4,862.0,2335.55,1698.94,1676.7215821545788,22.2184178454213
8,829.0,1147.89,2004.34,1450.9993133020796,553.3406866979203
4,380.0,446.66,764.24,776.5655821545788,12.325582154578797
9,238.0,1197.83,1560.78,1355.901114783072,204.87888521692798
13,1199.0,493.0,1634.13,1605.955530466962,28.174469533038064
12,710.0,1249.41,1921.09,1701.5143659034452,219.57563409655472
14,719.0,1973.14,1980.99,2113.999640614487,133.0096406144869
1,482.0,1697.08,1198.24,1078.432,119.80799999999999
9,444.0,725.31,1062.52,1228.693114783072,166.17311478307192
11,610.0,1990.79,1753.56,1907.3948532404356,153.83485324043568
4,238.0,1707.28,1483.48,1238.213582154579,245.26641784542107
2,299.0,1612.7,1282.8,1074.519670999407,208.28032900059293
10,273.0,799.9,1155.05,1268.8386384922228,113.78863849222284
3,154.0,274.04,406.91,569.9621879231034,163.05218792310342
7,636.0,697.02,1276.06,1149.7626323189104,126.29736768108955
2,1038.0,685.07,962.14,925.1676709994069,36.97232900059305
2,798.0,2334.41,1485.4,1512.903670999407,27.50367099940695
12,601.0,2166.56,1918.46,2035.674365903445,117.21436590344501
6,290.0,814.04,1077.35,1028.809816221051,48.54018377894886
8,16.0,259.02,543.56,851.5513133020795,307.99131330207956
8,303.0,1072.44,1453.25,1263.0193133020798,190.2306866979202
11,372.0,2048.26,1632.61,1858.9828532404356,226.3728532404357
3,864.0,2338.52,1513.04,1608.7541879231035,95.71418792310351
11,913.0,2253.41,1758.56,2103.3428532404355,344.78285324043554
14,805.0,834.06,1683.49,1684.167640614487,0.677640614487018
5,905.0,2317.31,1691.38,1749.369932292243,57.989932292242884
10,728.0,226.53,1060.47,1175.9906384922226,115.52063849222259
4,842.0,893.25,1324.64,1093.8015821545787,230.83841784542142
5,117.0,953.06,1116.8,967.269932292243,149.53006770775698
12,307.0,957.17,1432.75,1463.718365903445,30.96836590344492
9,51.0,314.81,704.94,946.5931147830718,241.65311478307171
7,1071.0,841.11,1699.9,1337.8986323189104,362.00136768108973
13,922.0,1510.22,1967.87,1929.743530466962,38.126469533037834
8,867.0,2373.39,1747.22,1952.5993133020795,205.37931330207948
11,1013.0,1483.3,1952.8,1825.2988532404356,127.50114675956434
6,1148.0,1525.81,1776.48,1570.917816221051,205.56218377894902
12,158.0,2195.67,1625.46,1914.4183659034452,288.95836590344516
5,1010.0,2054.21,1810.37,1675.629932292243,134.7400677077569
1,682.0,1517.04,1376.04,1066.416,309.624
5,14.0,78.33,406.7,586.4779322922429,179.77793229224295
6,1203.0,1900.48,1972.88,1737.285816221051,235.59418377894917
4,810.0,1852.31,1575.87,1467.8255821545788,108.0444178454211
3,760.0,2073.25,1522.45,1471.4461879231035,51.003812076896565
7,868.0,625.09,1403.48,1190.5906323189106,212.88936768108942
7,205.0,103.31,683.1,782.9786323189104,99.87863231891038
5,387.0,1882.35,1588.8,1419.985932292243,168.81406770775698
11,447.0,130.07,852.02,1114.2068532404355,262.18685324043554
9,482.0,1348.44,1633.26,1489.345114783072,143.91488521692804
7,15.0,2436.67,1459.63,1659.3226323189106,199.69263231891046
10,955.0,1182.33,1950.3,1626.4106384922227,323.88936150777727
5,41.0,2314.68,1500.28,1489.1179322922428,11.16206770775716
2,1189.0,1164.74,1666.52,1162.335670999407,504.1843290005929
2,762.0,519.74,752.69,776.235670999407,23.54567099940698
10,895.0,937.46,1714.8,1510.4626384922226,204.33736150777736
13,858.0,2258.01,1889.71,2209.659530466962,319.9495304669622
11,650.0,524.8,1179.09,1332.9988532404357,153.90885324043575
4,198.0,2106.63,1450.67,1385.953582154579,64.71641784542112
1,791.0,1927.75,1419.88,1263.3999999999999,156.48000000000025
14,1020.0,1201.75,2337.73,1895.743640614487,441.98635938551297
12,59.0,2247.39,1629.92,1905.4063659034452,275.4863659034452
8,626.0,545.84,1142.89,1149.2793133020796,6.389313302079472
5,57.0,559.05,639.73,791.6659322922429,151.9359322922429
5,908.0,716.7,1375.88,1110.025932292243,265.85406770775717
13,8.0,78.44,713.71,1082.831530466962,369.121530466962
11,684.0,672.51,1487.93,1402.2828532404358,85.6471467595643
4,180.0,2365.46,1443.02,1484.0855821545788,41.065582154578806
13,511.0,1628.33,1915.79,1853.6875304669618,62.102469533038175
4,231.0,20.39,499.26,561.3575821545788,62.097582154578845
9,1139.0,1973.31,1759.33,1936.393114783072,177.06311478307202
9,578.0,1167.71,1587.21,1445.853114783072,141.35688521692805
14,530.0,2028.06,2079.14,2079.267640614487,0.12764061448706343
7,316.0,141.89,837.8,831.7106323189104,6.089367681089584
2,897.0,2382.39,1437.95,1561.7956709994069,123.84567099940682
12,121.0,608.92,1033.44,1268.618365903445,235.17836590344496
4,764.0,1417.94,1682.1,1280.277582154579,401.8224178454209
11,663.0,2141.08,1715.29,1983.4108532404357,268.12085324043574
3,91.0,1640.15,1338.3,1097.5061879231034,240.79381207689653
1,1035.0,1289.84,1317.33,1081.4360000000001,235.89399999999978
7,125.0,193.62,616.24,795.1026323189104,178.8626323189104
12,437.0,639.96,1183.74,1375.834365903445,192.0943659034449
4,84.0,2243.12,1392.1,1406.349582154579,14.249582154579002
5,716.0,1316.6,1686.98,1292.3859322922428,394.5940677077572
12,18.0,2461.37,1556.78,1978.6983659034452,421.9183659034452
3,560.0,1664.15,1419.48,1247.8061879231036,171.6738120768964
3,504.0,63.39,568.17,590.7021879231033,22.53218792310338
5,1126.0,664.9,1336.74,1154.7059322922428,182.03406770775723
1,1092.0,390.55,589.11,738.8199999999999,149.70999999999992
11,273.0,502.37,862.61,1210.9268532404358,348.31685324043576
4,6.0,458.7,459.21,669.1815821545788,209.9715821545788
1,620.0,490.45,678.74,637.1800000000001,41.559999999999945
5,659.0,2083.15,1645.06,1581.905932292243,63.154067707756894
12,353.0,2150.17,1765.67,1954.7183659034454,189.0483659034453
13,618.0,1982.27,2000.39,2027.363530466962,26.973530466961847
2,1158.0,2355.92,1528.91,1629.5076709994069,100.59767099940677
3,512.0,1251.6,1360.76,1068.3861879231033,292.3738120768967
5,840.0,941.55,1676.48,1179.565932292243,496.9140677077571
7,1086.0,2319.81,1858.36,1933.8786323189104,75.51863231891048
13,1152.0,864.45,1797.14,1740.4355304669618,56.704469533038264
4,840.0,1375.42,1580.95,1286.0695821545787,294.88041784542133
4,724.0,89.99,667.98,737.0975821545787,69.11758215457871
3,327.0,2141.92,1438.41,1369.0141879231032,69.39581207689685
13,1055.0,2005.84,1997.52,2167.8915304669617,170.37153046696176
1,931.0,327.97,609.73,665.488,55.75800000000004
10,108.0,2181.67,1632.42,1772.0466384922229,139.6266384922228
13,1204.0,24.47,1344.17,1420.043530466962,75.87353046696194
5,517.0,919.25,1288.31,1073.745932292243,214.56406770775698
8,897.0,1536.36,1944.62,1626.7873133020794,317.8326866979205
12,988.0,2492.79,1753.84,2282.266365903445,528.4263659034452
1,1041.0,1630.25,1466.95,1219.4,247.54999999999995
10,454.0,2359.42,1619.0,1946.9466384922227,327.94663849222275
5,406.0,1084.16,1399.39,1106.409932292243,292.98006770775714
4,103.0,1790.07,1394.55,1230.829582154579,163.72041784542103
11,198.0,269.95,695.66,1095.4588532404357,399.79885324043573
4,477.0,18.97,631.5,634.5895821545788,3.0895821545788067
11,67.0,2455.53,1572.91,1930.3908532404357,357.48085324043564
7,789.0,185.73,966.26,991.1466323189104,24.886632318910415
13,70.0,993.7,1492.02,1467.535530466962,24.48446953303801
12,59.0,858.62,1377.35,1349.8983659034452,27.4516340965547
3,1027.0,180.0,804.96,794.2461879231034,10.713812076896602
3,275.0,543.74,572.73,714.1421879231034,141.41218792310337
12,180.0,384.42,873.97,1196.518365903445,322.5483659034451
3,334.0,2449.89,1472.53,1494.3021879231035,21.772187923103502
7,759.0,1694.02,1960.92,1585.4626323189107,375.4573676810894
10,174.0,1991.96,1542.4,1715.9626384922228,173.56263849222273
1,780.0,366.37,516.69,635.548,118.85799999999995
9,934.0,415.5,1208.82,1251.769114783072,42.94911478307199
8,936.0,556.28,1277.26,1246.4553133020795,30.804686697920488
1,1002.0,2320.13,1475.4,1483.652,8.251999999999953
7,83.0,137.84,482.65,760.1906323189104,277.5406323189104
9,191.0,789.52,1058.5,1178.4771147830718,119.97711478307178
3,280.0,1090.37,1256.92,934.2941879231034,322.62581207689664
5,644.0,2383.17,1785.53,1697.413932292243,88.11606770775688
10,498.0,992.86,1395.03,1413.5226384922228,18.492638492222795
4,317.0,1793.28,1518.93,1296.3135821545789,222.6164178454212
4,1100.0,370.61,860.32,962.1455821545788,101.8255821545788
4,263.0,2469.06,1503.98,1550.425582154579,46.445582154578915
4,932.0,1287.34,1513.28,1278.4375821545789,234.8424178454211
14,343.0,2013.4,1839.05,2017.3036406144872,178.25364061448727
2,274.0,888.24,917.79,777.235670999407,140.55432900059293
1,759.0,330.29,500.92,614.816,113.89600000000002
8,204.0,2178.45,1506.38,1675.7233133020798,169.34331330207965
10,396.0,2068.65,1556.68,1813.2386384922227,256.5586384922226
6,840.0,870.82,1496.46,1216.521816221051,279.938183778949
7,756.0,1473.59,1961.96,1496.3906323189105,465.5693676810895
4,1048.0,279.75,780.15,910.2015821545788,130.0515821545788
9,800.0,39.96,1158.68,1061.3531147830718,97.3268852169283
3,240.0,1895.67,1386.33,1244.4141879231033,141.9158120768966
13,997.0,920.48,2124.16,1716.3475304669619,407.812469533038
2,826.0,2163.39,1523.26,1452.895670999407,70.36432900059299
6,194.0,914.25,1168.72,1040.0938162210512,128.62618377894887
4,333.0,1934.76,1467.52,1357.705582154579,109.81441784542108
8,1053.0,1864.01,1794.57,1804.6473133020795,10.077313302079574
12,466.0,1291.33,1770.37,1645.0823659034452,125.28763409655471
8,916.0,2417.62,1755.05,1984.9913133020796,229.9413133020796
11,322.0,1251.3,1732.46,1525.1988532404355,207.26114675956455
13,11.0,1114.96,1555.48,1498.3395304669618,57.140469533038186
7,250.0,364.79,718.71,901.0706323189105,182.36063231891046
5,247.0,296.51,594.93,743.649932292243,148.71993229224302
14,1158.0,2104.61,1899.69,2298.287640614487,398.59764061448686
11,1095.0,1071.83,2159.33,1685.3108532404356,474.01914675956436
11,1149.0,270.81,1284.51,1381.1028532404357,96.59285324043572
9,14.0,1057.38,1372.31,1232.5211147830719,139.78888521692807
4,184.0,983.77,1202.69,932.6095821545789,270.08041784542115
6,135.0,2488.22,1561.2,1651.981816221051,90.78181622105103
5,717.0,1508.97,1722.49,1369.633932292243,352.8560677077571
1,389.0,1964.96,1228.94,1157.684,71.25600000000009
3,1136.0,1296.54,1536.6,1273.5621879231035,263.03781207689644
13,145.0,2202.42,1716.13,1973.523530466962,257.3935304669619
1,1122.0,861.5,1081.05,936.2,144.8499999999999
14,383.0,97.95,1203.93,1263.1236406144872,59.193640614487094
1,309.0,1211.37,1110.55,832.248,278.3019999999999
14,1090.0,2248.68,1905.5,2335.515640614487,430.015640614487
3,278.0,994.9,1167.78,895.5061879231034,272.27381207689655
7,1109.0,2397.29,1917.57,1971.7706323189107,54.20063231891072
12,643.0,2194.16,1758.03,2059.314365903445,301.28436590344495
11,176.0,1050.67,1444.13,1401.1468532404356,42.983146759564534
7,309.0,1021.75,1309.85,1181.5546323189105,128.29536768108937
3,992.0,1897.41,1539.0,1470.7101879231034,68.28981207689662
3,175.0,440.19,431.17,642.7221879231034,211.55218792310342
5,895.0,2329.69,1791.96,1751.321932292243,40.638067707757045
8,372.0,348.37,950.24,994.0913133020796,43.851313302079575
5,567.0,193.11,718.3,798.289932292243,79.989932292243
8,978.0,710.43,1624.58,1320.7153133020797,303.8646866979202
1,1082.0,1809.49,446.94,1303.396,856.4559999999999
11,636.0,2238.97,1699.94,2014.4668532404355,314.52685324043546
6,370.0,315.09,946.39,853.2298162210511,93.16018377894886
8,413.0,222.83,802.95,956.1753133020796,153.2253133020796
3,399.0,141.39,546.04,590.4021879231034,44.36218792310342
