days,miles,receipts,output,output_rounded,efficiency,spending_per_day
3,93.0,1.42,364.51,365.0,31.0,0.47333333333333333
1,55.0,3.6,126.06,126.0,55.0,3.6
1,47.0,17.97,128.91,129.0,47.0,17.97
2,13.0,4.67,203.52,204.0,6.5,2.335
3,88.0,5.78,380.37,380.0,29.333333333333332,1.9266666666666667
1,76.0,13.74,158.35,158.0,76.0,13.74
3,41.0,4.52,320.12,320.0,13.666666666666666,1.5066666666666666
1,140.0,22.71,199.68,200.0,140.0,22.71
3,121.0,21.17,464.07,464.0,40.333333333333336,7.0566666666666675
3,117.0,21.99,359.1,359.0,39.0,7.329999999999999
2,202.0,21.24,356.17,356.0,101.0,10.62
3,80.0,21.05,366.87,367.0,26.666666666666668,7.016666666666667
2,21.0,20.04,204.58,205.0,10.5,10.02
3,177.0,18.73,430.86,431.0,59.0,6.243333333333333
1,141.0,10.15,195.14,195.0,141.0,10.15
1,58.0,5.86,117.24,117.0,58.0,5.86
1,133.0,8.34,179.06,179.0,133.0,8.34
1,59.0,8.31,120.65,121.0,59.0,8.31
2,89.0,13.85,234.2,234.0,44.5,6.925
2,147.0,17.43,325.56,326.0,73.5,8.715
5,130.0,306.9,574.1,574.0,26.0,61.379999999999995
5,173.0,1337.9,1443.96,1444.0,34.6,267.58000000000004
5,592.0,433.75,869.0,869.0,118.4,86.75
5,679.0,476.08,1030.41,1030.0,135.8,95.216
5,708.0,1129.52,1654.62,1655.0,141.6,225.904
5,261.0,464.94,621.12,621.0,52.2,92.988
5,794.0,511.0,1139.94,1140.0,158.8,102.2
5,521.0,1448.55,1624.01,1624.0,104.2,289.71
5,595.0,863.93,1231.67,1232.0,119.0,172.786
5,811.0,952.39,1608.6,1609.0,162.2,190.478
5,477.0,704.42,1045.96,1046.0,95.4,140.884
5,730.0,485.73,991.49,991.0,146.0,97.146
5,262.0,1173.79,1485.59,1486.0,52.4,234.75799999999998
5,446.0,219.98,788.62,789.0,89.2,43.995999999999995
5,751.0,407.43,1063.46,1063.0,150.2,81.486
5,324.0,128.94,686.54,687.0,64.8,25.788
5,414.0,967.0,1368.94,1369.0,82.8,193.4
5,367.0,290.78,742.25,742.0,73.4,58.15599999999999
5,764.0,848.75,1468.46,1468.0,152.8,169.75
5,249.0,873.75,1185.24,1185.0,49.8,174.75
8,862.0,1817.85,1719.37,1719.0,107.75,227.23125
11,927.0,1994.33,1779.12,1779.0,84.27272727272727,181.30272727272725
9,602.0,186.69,1085.4,1085.0,66.88888888888889,20.743333333333332
8,610.0,208.29,841.27,841.0,76.25,26.03625
12,333.0,1103.21,1618.13,1618.0,27.75,91.93416666666667
8,435.0,1129.65,1525.26,1525.0,54.375,141.20625
9,218.0,1203.45,1561.63,1562.0,24.22222222222222,133.71666666666667
12,781.0,1159.18,1752.72,1753.0,65.08333333333333,96.59833333333334
11,916.0,1036.91,2098.07,2098.0,83.27272727272727,94.26454545454546
10,358.0,2066.62,1624.11,1624.0,35.8,206.66199999999998
12,566.0,2013.7,1752.03,1752.0,47.166666666666664,167.80833333333334
9,954.0,1483.39,2024.2,2024.0,106.0,164.82111111111112
9,534.0,1929.94,1624.87,1625.0,59.333333333333336,214.4377777777778
12,765.0,1343.97,1953.03,1953.0,63.75,111.9975
8,630.0,967.69,1388.05,1388.0,78.75,120.96125
10,909.0,696.0,1505.19,1505.0,90.9,69.6
10,223.0,745.89,1037.45,1037.0,22.3,74.589
8,467.0,1178.71,1483.33,1483.0,58.375,147.33875
9,708.0,461.07,1110.6,1111.0,78.66666666666667,51.23
9,885.0,1764.97,1694.37,1694.0,98.33333333333333,196.10777777777778
6,855.0,591.35,1339.72,1340.0,142.5,98.55833333333334
2,993.0,54.24,715.19,715.0,496.5,27.12
5,685.0,747.14,1216.36,1216.0,137.0,149.428
3,981.0,341.45,813.95,814.0,327.0,113.81666666666666
5,770.0,873.33,1502.49,1502.0,154.0,174.666
6,697.0,651.64,1237.71,1238.0,116.16666666666667,108.60666666666667
3,795.0,450.85,743.94,744.0,265.0,150.28333333333333
3,606.0,1184.23,1364.54,1365.0,202.0,394.74333333333334
3,842.0,865.37,1251.14,1251.0,280.6666666666667,288.45666666666665
7,748.0,241.73,971.31,971.0,106.85714285714286,34.53285714285714
7,624.0,148.16,905.79,906.0,89.14285714285714,21.165714285714284
2,713.0,740.33,1048.28,1048.0,356.5,370.165
3,874.0,1191.4,1515.99,1516.0,291.3333333333333,397.1333333333334
6,761.0,530.19,1120.1,1120.0,126.83333333333333,88.36500000000001
1,815.0,97.89,539.36,539.0,815.0,97.89
1,601.0,497.7,644.12,644.0,601.0,497.7
7,817.0,1127.87,1809.91,1810.0,116.71428571428571,161.1242857142857
1,606.0,923.0,1050.05,1050.0,606.0,923.0
1,909.0,741.82,866.07,866.0,909.0,741.82
3,624.0,1160.92,1459.34,1459.0,208.0,386.97333333333336
4,650.0,619.49,676.38,676.0,162.5,154.8725
6,204.0,818.99,628.4,628.0,34.0,136.49833333333333
1,263.0,396.49,198.42,198.0,263.0,396.49
1,451.0,555.49,162.18,162.0,451.0,555.49
10,424.0,474.99,831.96,832.0,42.4,47.499
2,565.0,389.49,415.96,416.0,282.5,194.745
9,397.0,348.49,913.29,913.0,44.111111111111114,38.721111111111114
1,532.0,413.99,355.57,356.0,532.0,413.99
2,384.0,495.49,290.36,290.0,192.0,247.745
5,754.0,489.99,765.13,765.0,150.8,97.998
1,344.46,813.85,707.88,708.0,344.46,813.85
3,906.3,540.03,848.42,848.0,302.09999999999997,180.01
3,1007.56,187.52,764.64,765.0,335.8533333333333,62.50666666666667
1,359.62,221.15,255.57,256.0,359.62,221.15
1,362.79,749.19,636.51,637.0,362.79,749.19
1,288.72,159.26,303.94,304.0,288.72,159.26
2,782.17,830.72,1165.44,1165.0,391.085,415.36
2,623.18,347.54,625.15,625.0,311.59,173.77
3,1061.15,388.5,693.36,693.0,353.7166666666667,129.5
1,252.75,285.5,331.74,332.0,252.75,285.5
3,1020.39,250.62,779.08,779.0,340.13,83.54
1,257.97,816.81,738.01,738.0,257.97,816.81
3,1025.03,592.55,992.4,992.0,341.6766666666667,197.51666666666665
2,794.32,402.31,671.06,671.0,397.16,201.155
1,276.85,485.54,361.66,362.0,276.85,485.54
2,851.68,473.96,650.68,651.0,425.84,236.98
3,859.12,611.07,960.47,960.0,286.37333333333333,203.69000000000003
3,1317.07,476.87,787.42,787.0,439.0233333333333,158.95666666666668
1,388.1,827.37,741.46,741.0,388.1,827.37
1,264.39,758.27,636.19,636.0,264.39,758.27
5,198.21,594.83,807.48,807.0,39.642,118.96600000000001
6,72.85,457.75,666.59,667.0,12.141666666666666,76.29166666666667
8,297.64,481.09,835.08,835.0,37.205,60.13625
7,237.33,1262.27,1452.17,1452.0,33.90428571428571,180.3242857142857
5,195.73,1228.49,511.23,511.0,39.146,245.698
8,276.28,1179.9,1522.6,1523.0,34.535,147.4875
8,302.24,1046.04,1353.77,1354.0,37.78,130.755
8,266.87,252.08,880.41,880.0,33.35875,31.51
9,310.69,239.64,828.16,828.0,34.52111111111111,26.626666666666665
6,222.08,709.07,1031.34,1031.0,37.013333333333335,118.17833333333334
8,264.94,720.67,1019.85,1020.0,33.1175,90.08375
8,161.15,1230.37,1499.24,1499.0,20.14375,153.79625
9,259.96,554.74,835.54,836.0,28.88444444444444,61.63777777777778
9,97.85,518.56,850.57,851.0,10.872222222222222,57.617777777777775
9,194.34,1054.93,1374.9,1375.0,21.593333333333334,117.21444444444445
9,332.35,374.61,830.45,830.0,36.92777777777778,41.623333333333335
5,126.44,696.14,845.35,845.0,25.288,139.228
5,66.13,848.03,1050.25,1050.0,13.225999999999999,169.606
6,135.34,1144.13,1478.11,1478.0,22.55666666666667,190.68833333333336
6,233.7,346.98,648.57,649.0,38.949999999999996,57.830000000000005
9,849.0,1007.41,1785.47,1785.0,94.33333333333333,111.93444444444444
6,806.0,1760.64,1718.76,1719.0,134.33333333333334,293.44
8,891.0,1194.36,2016.46,2016.0,111.375,149.295
9,1182.0,1342.24,2164.15,2164.0,131.33333333333334,149.13777777777779
7,1010.0,1514.03,2063.98,2064.0,144.28571428571428,216.29
8,892.0,1768.53,1902.37,1902.0,111.5,221.06625
6,825.0,1692.73,1817.77,1818.0,137.5,282.12166666666667
8,1118.0,1758.52,1852.47,1852.0,139.75,219.815
8,1064.0,1756.52,1857.04,1857.0,133.0,219.565
6,811.0,1252.04,1771.8,1772.0,135.16666666666666,208.67333333333332
7,889.0,1417.96,1826.08,1826.0,127.0,202.56571428571428
9,1012.0,1429.04,1880.76,1881.0,112.44444444444444,158.78222222222223
6,909.0,1332.18,1720.21,1720.0,151.5,222.03
9,1096.0,1690.22,1894.85,1895.0,121.77777777777777,187.8022222222222
9,913.0,1021.29,1964.86,1965.0,101.44444444444444,113.47666666666666
6,1006.0,1219.71,1803.97,1804.0,167.66666666666666,203.285
6,907.0,1650.17,1737.86,1738.0,151.16666666666666,275.02833333333336
9,816.0,1171.81,1780.58,1781.0,90.66666666666667,130.20111111111112
7,1006.0,1181.33,2279.82,2280.0,143.71428571428572,168.76142857142855
6,835.0,1404.28,1765.79,1766.0,139.16666666666666,234.04666666666665
12,528.0,2476.41,1662.88,1663.0,44.0,206.36749999999998
4,69.0,2321.49,322.0,322.0,17.25,580.3725
11,1179.0,31.36,1550.55,1551.0,107.18181818181819,2.850909090909091
13,756.0,954.4,1793.07,1793.0,58.15384615384615,73.41538461538461
1,123.0,2076.65,1171.68,1172.0,123.0,2076.65
3,1162.0,2152.66,1434.71,1435.0,387.3333333333333,717.5533333333333
1,822.0,2170.53,1374.91,1375.0,822.0,2170.53
11,558.0,1549.86,1823.47,1823.0,50.72727272727273,140.89636363636362
2,753.0,1111.16,1353.87,1354.0,376.5,555.58
10,224.0,407.51,794.7,795.0,22.4,40.751
6,383.0,462.79,800.3,800.0,63.833333333333336,77.13166666666667
8,1005.0,1391.37,1987.39,1987.0,125.625,173.92125
10,1145.0,311.43,1366.61,1367.0,114.5,31.143
5,1004.0,2367.63,1743.85,1744.0,200.8,473.526
5,873.0,1402.35,1676.79,1677.0,174.6,280.46999999999997
2,165.0,1813.32,1273.45,1273.0,82.5,906.66
5,1076.0,190.33,879.65,880.0,215.2,38.066
12,986.0,2390.92,1760.0,1760.0,82.16666666666667,199.24333333333334
7,948.0,657.17,1578.97,1579.0,135.42857142857142,93.88142857142857
3,429.0,2400.13,1411.95,1412.0,143.0,800.0433333333334
4,362.0,646.43,788.53,789.0,90.5,161.6075
2,622.0,1871.56,1494.23,1494.0,311.0,935.78
1,140.0,255.99,150.34,150.0,140.0,255.99
8,123.0,612.55,851.24,851.0,15.375,76.56875
4,87.0,2463.92,1413.52,1414.0,21.75,615.98
10,164.0,1144.9,1516.43,1516.0,16.4,114.49000000000001
1,989.0,2196.84,1439.17,1439.0,989.0,2196.84
4,470.0,1968.63,1501.1,1501.0,117.5,492.1575
1,37.0,1397.17,1092.94,1093.0,37.0,1397.17
8,488.0,439.7,1030.13,1030.0,61.0,54.9625
12,757.0,897.4,1780.07,1780.0,63.083333333333336,74.78333333333333
14,958.0,1727.76,2065.16,2065.0,68.42857142857143,123.41142857142857
2,456.0,2390.7,1342.39,1342.0,228.0,1195.35
5,733.0,41.18,771.83,772.0,146.6,8.236
5,291.0,1279.7,1477.12,1477.0,58.2,255.94
10,478.0,2091.79,1568.41,1568.0,47.8,209.179
8,817.0,1455.73,1847.26,1847.0,102.125,181.96625
6,1043.0,1404.35,1807.42,1807.0,173.83333333333334,234.0583333333333
2,958.0,1855.58,1549.54,1550.0,479.0,927.79
9,524.0,474.75,935.4,935.0,58.22222222222222,52.75
6,45.0,81.59,522.58,523.0,7.5,13.598333333333334
8,342.0,2259.06,1502.02,1502.0,42.75,282.3825
12,379.0,1897.29,1682.98,1683.0,31.583333333333332,158.1075
6,333.0,1254.68,1585.02,1585.0,55.5,209.11333333333334
2,634.0,1739.81,1490.51,1491.0,317.0,869.905
5,285.0,974.73,1282.84,1283.0,57.0,194.946
12,33.0,1249.13,1707.38,1707.0,2.75,104.09416666666668
9,118.0,1285.82,1539.77,1540.0,13.11111111111111,142.86888888888888
1,420.0,2273.6,1220.35,1220.0,420.0,2273.6
11,312.0,2072.39,1586.22,1586.0,28.363636363636363,188.3990909090909
10,753.0,2054.02,1779.08,1779.0,75.3,205.402
5,125.0,96.38,570.99,571.0,25.0,19.276
6,597.0,888.84,1395.65,1396.0,99.5,148.14000000000001
12,1065.0,203.2,1408.25,1408.0,88.75,16.933333333333334
1,214.0,540.03,402.81,403.0,214.0,540.03
11,886.0,922.66,1852.24,1852.0,80.54545454545455,83.87818181818182
10,621.0,978.73,1656.28,1656.0,62.1,97.873
4,1000.0,2355.34,1699.56,1700.0,250.0,588.835
13,534.0,1765.96,1881.36,1881.0,41.07692307692308,135.84307692307692
6,475.0,1800.71,1671.23,1671.0,79.16666666666667,300.11833333333334
11,623.0,2265.21,1739.18,1739.0,56.63636363636363,205.92818181818183
1,620.0,973.91,1112.02,1112.0,620.0,973.91
13,1004.0,1757.75,1960.67,1961.0,77.23076923076923,135.21153846153845
8,962.0,1929.63,1897.19,1897.0,120.25,241.20375
14,516.0,1464.67,1842.1,1842.0,36.857142857142854,104.61928571428572
11,685.0,2272.75,1873.94,1874.0,62.27272727272727,206.61363636363637
3,307.0,266.21,540.97,541.0,102.33333333333333,88.73666666666666
3,375.0,1346.21,1339.93,1340.0,125.0,448.7366666666667
4,1124.0,2177.18,1567.43,1567.0,281.0,544.295
3,779.0,2110.9,1520.73,1521.0,259.6666666666667,703.6333333333333
8,1173.0,671.25,1419.34,1419.0,146.625,83.90625
14,47.0,1667.14,1745.18,1745.0,3.357142857142857,119.08142857142857
3,981.0,2008.83,1539.47,1539.0,327.0,669.61
5,516.0,1450.67,1547.5,1548.0,103.2,290.134
6,471.0,332.51,872.19,872.0,78.5,55.41833333333333
2,941.0,1565.77,1432.79,1433.0,470.5,782.885
10,377.0,301.96,837.36,837.0,37.7,30.195999999999998
7,273.0,285.83,793.58,794.0,39.0,40.832857142857144
1,458.0,834.7,737.28,737.0,458.0,834.7
11,772.0,932.31,1575.52,1576.0,70.18181818181819,84.75545454545454
11,36.0,1541.47,1593.24,1593.0,3.272727272727273,140.13363636363636
12,211.0,1048.29,1579.73,1580.0,17.583333333333332,87.3575
7,987.0,2164.1,1839.67,1840.0,141.0,309.15714285714284
9,662.0,2275.59,1599.27,1599.0,73.55555555555556,252.84333333333336
12,96.0,1164.37,1553.21,1553.0,8.0,97.03083333333332
5,569.0,1856.7,1623.81,1624.0,113.8,371.34000000000003
12,128.0,477.17,874.99,875.0,10.666666666666666,39.76416666666667
4,886.0,2401.28,1698.0,1698.0,221.5,600.32
13,19.0,807.27,1331.53,1332.0,1.4615384615384615,62.097692307692306
8,275.0,2347.09,1454.47,1454.0,34.375,293.38625
9,963.0,588.5,1434.42,1434.0,107.0,65.38888888888889
14,1056.0,2489.69,1894.16,1894.0,75.42857142857143,177.835
5,728.0,423.16,947.72,948.0,145.6,84.632
4,286.0,1063.49,418.17,418.0,71.5,265.8725
11,332.0,1352.48,1663.39,1663.0,30.181818181818183,122.95272727272727
12,49.0,1118.38,1494.81,1495.0,4.083333333333333,93.19833333333334
2,18.0,2503.46,1206.95,1207.0,9.0,1251.73
14,592.0,1268.36,1930.24,1930.0,42.285714285714285,90.59714285714286
3,892.0,171.32,875.39,875.0,297.3333333333333,57.10666666666666
11,741.0,1872.39,1847.08,1847.0,67.36363636363636,170.21727272727273
14,807.0,2358.41,1819.41,1819.0,57.642857142857146,168.45785714285714
5,873.0,1584.53,1796.7,1797.0,174.6,316.906
3,1159.0,2209.44,1434.84,1435.0,386.3333333333333,736.48
11,920.0,1338.65,1871.27,1871.0,83.63636363636364,121.69545454545455
1,388.0,390.7,332.06,332.0,388.0,390.7
9,576.0,1059.79,1547.5,1548.0,64.0,117.75444444444445
9,524.0,2367.12,1640.78,1641.0,58.22222222222222,263.0133333333333
10,459.0,2183.11,1559.59,1560.0,45.9,218.311
4,725.0,588.9,1097.95,1098.0,181.25,147.225
1,992.0,958.87,1222.41,1222.0,992.0,958.87
10,536.0,2194.42,1615.13,1615.0,53.6,219.442
11,1126.0,1593.03,2143.74,2144.0,102.36363636363636,144.82090909090908
10,314.0,1098.8,1539.1,1539.0,31.4,109.88
1,9.0,2246.28,1120.22,1120.0,9.0,2246.28
11,706.0,1508.23,2030.59,2031.0,64.18181818181819,137.1118181818182
10,976.0,2166.02,1775.03,1775.0,97.6,216.602
5,1028.0,653.19,1313.95,1314.0,205.6,130.638
8,1166.0,99.47,1149.07,1149.0,145.75,12.43375
12,882.0,1958.14,1944.88,1945.0,73.5,163.17833333333334
11,448.0,732.79,1090.35,1090.0,40.72727272727273,66.61727272727272
7,623.0,1691.39,1800.86,1801.0,89.0,241.62714285714287
3,127.0,293.49,303.2,303.0,42.333333333333336,97.83
12,218.0,486.02,1005.67,1006.0,18.166666666666668,40.501666666666665
3,1166.0,530.44,785.59,786.0,388.6666666666667,176.81333333333336
11,17.0,550.58,830.07,830.0,1.5454545454545454,50.052727272727275
9,696.0,1749.97,1649.49,1649.0,77.33333333333333,194.44111111111113
4,305.0,125.79,664.43,664.0,76.25,31.4475
12,104.0,1300.05,1779.92,1780.0,8.666666666666666,108.33749999999999
1,303.0,931.53,857.42,857.0,303.0,931.53
8,1012.0,2390.84,1732.12,1732.0,126.5,298.855
9,938.0,2224.29,1913.87,1914.0,104.22222222222223,247.14333333333332
3,471.0,288.19,535.67,536.0,157.0,96.06333333333333
5,72.0,977.67,1156.55,1157.0,14.4,195.534
10,160.0,2272.56,1642.15,1642.0,16.0,227.256
10,965.0,1851.28,1805.77,1806.0,96.5,185.128
3,266.0,2178.16,1447.95,1448.0,88.66666666666667,726.0533333333333
12,734.0,2491.82,1792.31,1792.0,61.166666666666664,207.65166666666667
12,64.0,1641.01,1710.72,1711.0,5.333333333333333,136.75083333333333
9,497.0,1845.08,1674.09,1674.0,55.22222222222222,205.0088888888889
3,781.0,1801.38,1586.21,1586.0,260.3333333333333,600.46
3,158.0,1070.74,1183.16,1183.0,52.666666666666664,356.91333333333336
3,1096.0,200.27,802.96,803.0,365.3333333333333,66.75666666666667
11,1116.0,2067.8,1987.44,1987.0,101.45454545454545,187.9818181818182
10,831.0,39.86,982.64,983.0,83.1,3.9859999999999998
14,124.0,1064.64,1761.68,1762.0,8.857142857142858,76.0457142857143
4,10.0,1262.73,1261.41,1261.0,2.5,315.6825
5,955.0,106.86,897.78,898.0,191.0,21.372
7,1176.0,2489.13,1921.16,1921.0,168.0,355.59000000000003
6,803.0,465.6,1012.0,1012.0,133.83333333333334,77.60000000000001
9,868.0,62.12,1022.81,1023.0,96.44444444444444,6.902222222222222
1,181.0,128.05,225.12,225.0,181.0,128.05
3,70.0,631.88,564.16,564.0,23.333333333333332,210.62666666666667
8,1090.0,419.76,1189.47,1189.0,136.25,52.47
14,1184.0,2269.89,1943.24,1943.0,84.57142857142857,162.135
1,735.0,1676.9,1365.21,1365.0,735.0,1676.9
2,547.0,119.09,509.52,510.0,273.5,59.545
11,265.0,218.66,949.34,949.0,24.09090909090909,19.87818181818182
10,223.0,886.32,1305.54,1306.0,22.3,88.632
12,959.0,1947.82,1833.24,1833.0,79.91666666666667,162.31833333333333
11,498.0,1578.39,1793.52,1794.0,45.27272727272727,143.49
14,127.0,988.4,1688.9,1689.0,9.071428571428571,70.6
3,621.0,214.08,779.66,780.0,207.0,71.36
6,1193.0,2241.5,1839.47,1839.0,198.83333333333334,373.5833333333333
4,448.0,2055.97,1497.46,1497.0,112.0,513.9925
8,466.0,2064.63,1558.12,1558.0,58.25,258.07875
12,229.0,1216.16,1696.65,1697.0,19.083333333333332,101.34666666666668
13,658.0,559.48,1573.12,1573.0,50.61538461538461,43.03692307692308
13,1034.0,2477.98,1842.24,1842.0,79.53846153846153,190.61384615384617
4,842.0,2464.29,1611.66,1612.0,210.5,616.0725
13,837.0,1218.93,1921.68,1922.0,64.38461538461539,93.76384615384616
11,927.0,1306.37,1804.68,1805.0,84.27272727272727,118.76090909090908
4,1047.0,1657.68,1605.84,1606.0,261.75,414.42
4,262.0,1681.28,1435.34,1435.0,65.5,420.32
7,1126.0,1103.75,2014.72,2015.0,160.85714285714286,157.67857142857142
5,781.0,672.91,1125.36,1125.0,156.2,134.582
5,831.0,591.65,1090.31,1090.0,166.2,118.33
7,1089.0,1026.25,2132.85,2133.0,155.57142857142858,146.60714285714286
1,793.0,2171.07,1421.36,1421.0,793.0,2171.07
9,368.0,495.12,847.33,847.0,40.888888888888886,55.013333333333335
6,818.0,1130.38,1704.06,1704.0,136.33333333333334,188.39666666666668
11,667.0,1915.95,1732.2,1732.0,60.63636363636363,174.17727272727274
2,267.0,2116.93,1349.04,1349.0,133.5,1058.465
10,1083.0,2105.36,1844.58,1845.0,108.3,210.536
13,529.0,1767.79,2015.18,2015.0,40.69230769230769,135.98384615384614
9,1155.0,1346.4,2248.12,2248.0,128.33333333333334,149.60000000000002
7,1185.0,1768.01,2072.18,2072.0,169.28571428571428,252.57285714285715
5,763.0,1420.94,1777.14,1777.0,152.6,284.188
7,368.0,1231.69,1550.04,1550.0,52.57142857142857,175.9557142857143
6,659.0,322.1,972.58,973.0,109.83333333333333,53.68333333333334
14,1138.0,518.18,1696.86,1697.0,81.28571428571429,37.012857142857136
6,172.0,1977.78,1603.89,1604.0,28.666666666666668,329.63
6,628.0,311.47,903.3,903.0,104.66666666666667,51.91166666666667
2,500.0,1246.48,1264.53,1265.0,250.0,623.24
8,7.0,2075.6,1422.12,1422.0,0.875,259.45
5,942.0,2092.87,1696.72,1697.0,188.4,418.57399999999996
12,81.0,2485.34,1589.65,1590.0,6.75,207.11166666666668
4,166.0,791.52,866.18,866.0,41.5,197.88
3,213.0,1724.85,1344.71,1345.0,71.0,574.9499999999999
11,1004.0,167.15,1175.65,1176.0,91.27272727272727,15.195454545454545
5,116.0,478.1,624.04,624.0,23.2,95.62
13,112.0,2299.56,1807.67,1808.0,8.615384615384615,176.88923076923078
1,43.0,2149.22,1134.47,1134.0,43.0,2149.22
2,660.0,1944.4,1531.2,1531.0,330.0,972.2
10,888.0,298.68,1171.54,1172.0,88.8,29.868000000000002
10,860.0,2380.76,1759.97,1760.0,86.0,238.07600000000002
10,1187.0,1981.09,2013.21,2013.0,118.7,198.10899999999998
12,1139.0,124.65,1314.3,1314.0,94.91666666666667,10.387500000000001
5,966.0,359.51,927.98,928.0,193.2,71.902
10,796.0,1352.08,2000.19,2000.0,79.6,135.208
9,72.0,1281.32,1515.54,1516.0,8.0,142.36888888888888
10,215.0,2440.91,1638.66,1639.0,21.5,244.09099999999998
7,671.0,1297.02,1703.2,1703.0,95.85714285714286,185.28857142857143
5,230.0,333.69,538.36,538.0,46.0,66.738
5,467.0,1243.31,1549.82,1550.0,93.4,248.66199999999998
13,247.0,2339.61,1705.9,1706.0,19.0,179.97
14,777.0,1248.61,1837.25,1837.0,55.5,89.18642857142856
11,740.0,1171.99,902.09,902.0,67.27272727272727,106.54454545454546
6,884.0,1798.31,1897.87,1898.0,147.33333333333334,299.7183333333333
5,789.0,1853.31,1792.88,1793.0,157.8,370.662
4,825.0,874.99,784.52,785.0,206.25,218.7475
2,301.0,769.23,731.28,731.0,150.5,384.615
12,1007.0,1353.77,1925.32,1925.0,83.91666666666667,112.81416666666667
5,865.0,644.79,1202.46,1202.0,173.0,128.958
14,81.0,1251.97,1682.62,1683.0,5.785714285714286,89.42642857142857
8,1159.0,2175.27,1752.18,1752.0,144.875,271.90875
11,496.0,373.98,1152.99,1153.0,45.09090909090909,33.99818181818182
1,752.0,1632.35,1362.39,1362.0,752.0,1632.35
5,1014.0,1853.57,1749.31,1749.0,202.8,370.714
9,686.0,145.66,972.95,973.0,76.22222222222223,16.184444444444445
5,654.0,1272.89,1724.68,1725.0,130.8,254.57800000000003
8,621.0,2391.34,1593.12,1593.0,77.625,298.9175
9,1080.0,539.51,1306.91,1307.0,120.0,59.94555555555556
10,714.0,269.06,1067.81,1068.0,71.4,26.906
10,816.0,1425.64,1872.81,1873.0,81.6,142.56400000000002
14,1122.0,1766.25,2239.35,2239.0,80.14285714285714,126.16071428571429
4,1202.0,1074.87,1501.24,1501.0,300.5,268.7175
5,651.0,1573.3,1682.08,1682.0,130.2,314.65999999999997
14,1100.0,237.69,1265.57,1266.0,78.57142857142857,16.977857142857143
14,296.0,485.68,924.9,925.0,21.142857142857142,34.691428571428574
1,697.0,2148.5,1421.07,1421.0,697.0,2148.5
6,1044.0,47.46,1133.45,1133.0,174.0,7.91
12,398.0,2481.44,1755.18,1755.0,33.166666666666664,206.78666666666666
3,139.0,2428.89,1345.66,1346.0,46.333333333333336,809.63
6,84.0,852.7,1109.32,1109.0,14.0,142.11666666666667
2,423.0,1639.17,1367.64,1368.0,211.5,819.585
11,815.0,2385.6,1872.44,1872.0,74.0909090909091,216.87272727272727
6,577.0,897.74,1257.31,1257.0,96.16666666666667,149.62333333333333
8,200.0,1508.89,1461.33,1461.0,25.0,188.61125
9,1102.0,540.6,1455.85,1456.0,122.44444444444444,60.06666666666667
12,508.0,1970.54,1770.91,1771.0,42.333333333333336,164.21166666666667
13,1024.0,1712.85,2097.69,2098.0,78.76923076923077,131.7576923076923
7,1161.0,1499.97,1862.45,1862.0,165.85714285714286,214.28142857142856
2,730.0,285.24,624.78,625.0,365.0,142.62
13,996.0,1809.2,1956.89,1957.0,76.61538461538461,139.16923076923078
5,1160.0,1901.83,1673.89,1674.0,232.0,380.366
2,1139.0,306.43,726.14,726.0,569.5,153.215
14,191.0,2442.76,1798.47,1798.0,13.642857142857142,174.48285714285717
7,776.0,2447.82,1826.93,1827.0,110.85714285714286,349.68857142857144
14,414.0,1919.7,1918.89,1919.0,29.571428571428573,137.12142857142857
7,847.0,1994.62,1851.7,1852.0,121.0,284.94571428571425
6,924.0,1227.21,1871.76,1872.0,154.0,204.535
2,933.0,1589.58,1489.99,1490.0,466.5,794.79
1,211.0,958.08,891.9,892.0,211.0,958.08
10,773.0,865.92,1837.11,1837.0,77.3,86.592
3,196.0,1211.68,1229.87,1230.0,65.33333333333333,403.8933333333334
14,49.0,954.02,1480.87,1481.0,3.5,68.14428571428572
5,477.0,655.24,935.38,935.0,95.4,131.048
5,828.0,1606.84,1690.82,1691.0,165.6,321.368
11,458.0,1364.29,1649.04,1649.0,41.63636363636363,124.02636363636363
3,289.0,1245.67,1279.31,1279.0,96.33333333333333,415.22333333333336
1,1060.0,501.67,658.14,658.0,1060.0,501.67
5,1085.0,2486.43,1664.83,1665.0,217.0,497.28599999999994
4,675.0,381.48,779.68,780.0,168.75,95.37
8,415.0,1214.97,1473.75,1474.0,51.875,151.87125
6,425.0,709.75,1114.9,1115.0,70.83333333333333,118.29166666666667
7,313.0,2408.02,1637.65,1638.0,44.714285714285715,344.0028571428571
13,235.0,426.07,897.26,897.0,18.076923076923077,32.77461538461539
7,635.0,1406.31,1630.66,1631.0,90.71428571428571,200.90142857142857
10,1009.0,2164.22,1889.87,1890.0,100.9,216.42199999999997
3,692.0,450.7,748.57,749.0,230.66666666666666,150.23333333333332
2,91.0,1073.76,1013.78,1014.0,45.5,536.88
8,1187.0,1045.91,2047.06,2047.0,148.375,130.73875
14,600.0,1120.05,1847.84,1848.0,42.857142857142854,80.00357142857142
5,210.0,710.49,483.34,483.0,42.0,142.098
12,10.0,1203.1,1564.9,1565.0,0.8333333333333334,100.25833333333333
1,452.0,275.05,282.89,283.0,452.0,275.05
4,256.0,2218.74,1476.03,1476.0,64.0,554.685
8,312.0,2383.17,1557.27,1557.0,39.0,297.89625
2,1175.0,816.2,1237.62,1238.0,587.5,408.1
11,960.0,383.64,1248.46,1248.0,87.27272727272727,34.876363636363635
6,690.0,1009.37,1559.83,1560.0,115.0,168.22833333333332
14,487.0,579.29,1516.68,1517.0,34.785714285714285,41.37785714285714
8,75.0,315.71,593.83,594.0,9.375,39.46375
13,360.0,271.93,1017.64,1018.0,27.692307692307693,20.91769230769231
11,708.0,1871.77,1916.37,1916.0,64.36363636363636,170.1609090909091
3,182.0,347.82,384.77,385.0,60.666666666666664,115.94
10,683.0,2442.92,1643.68,1644.0,68.3,244.292
5,392.0,1264.6,1465.72,1466.0,78.4,252.92
10,175.0,1443.25,1635.5,1636.0,17.5,144.325
7,577.0,1959.13,1603.6,1604.0,82.42857142857143,279.8757142857143
13,799.0,951.92,1793.36,1793.0,61.46153846153846,73.22461538461538
13,608.0,370.89,1170.54,1171.0,46.76923076923077,28.529999999999998
7,194.0,202.49,686.23,686.0,27.714285714285715,28.927142857142858
13,889.0,232.72,1394.38,1394.0,68.38461538461539,17.90153846153846
7,901.0,136.8,1222.6,1223.0,128.71428571428572,19.542857142857144
1,698.0,1525.82,1398.75,1399.0,698.0,1525.82
9,592.0,793.55,1235.69,1236.0,65.77777777777777,88.17222222222222
14,1015.0,871.76,1846.41,1846.0,72.5,62.26857142857143
9,524.0,136.46,848.89,849.0,58.22222222222222,15.162222222222223
5,781.0,2114.27,1789.85,1790.0,156.2,422.854
3,200.0,58.24,494.63,495.0,66.66666666666667,19.413333333333334
5,503.0,2335.55,1649.42,1649.0,100.6,467.11
11,667.0,2221.67,1872.89,1873.0,60.63636363636363,201.97
7,336.0,1843.58,1691.68,1692.0,48.0,263.36857142857144
4,217.0,1506.46,1455.37,1455.0,54.25,376.615
8,207.0,1146.93,1479.01,1479.0,25.875,143.36625
7,690.0,1807.71,1710.98,1711.0,98.57142857142857,258.2442857142857
2,251.0,1916.43,1285.2,1285.0,125.5,958.215
4,627.0,956.98,1337.63,1338.0,156.75,239.245
1,432.0,581.71,448.34,448.0,432.0,581.71
4,1194.0,2250.51,1691.15,1691.0,298.5,562.6275
10,64.0,455.9,774.64,775.0,6.4,45.589999999999996
8,15.0,377.85,657.8,658.0,1.875,47.23125
11,741.0,1207.39,1878.06,1878.0,67.36363636363636,109.76272727272728
8,638.0,1007.48,1483.06,1483.0,79.75,125.935
12,965.0,1700.28,1879.09,1879.0,80.41666666666667,141.69
8,1182.0,990.07,1840.75,1841.0,147.75,123.75875
13,1062.0,869.28,2090.54,2091.0,81.6923076923077,66.86769230769231
1,754.0,1220.47,1346.14,1346.0,754.0,1220.47
14,767.0,186.47,1292.77,1293.0,54.785714285714285,13.319285714285714
11,775.0,1752.23,1809.29,1809.0,70.45454545454545,159.29363636363635
8,592.0,1402.98,1561.41,1561.0,74.0,175.3725
6,957.0,727.75,1448.72,1449.0,159.5,121.29166666666667
9,800.0,2167.72,1726.51,1727.0,88.88888888888889,240.85777777777776
6,1198.0,222.6,1107.96,1108.0,199.66666666666666,37.1
3,1092.0,1737.65,1462.01,1462.0,364.0,579.2166666666667
12,958.0,2499.84,1791.69,1792.0,79.83333333333333,208.32000000000002
11,955.0,1282.19,2000.42,2000.0,86.81818181818181,116.56272727272727
11,605.0,1880.69,1711.55,1712.0,55.0,170.97181818181818
7,670.0,1558.02,1702.81,1703.0,95.71428571428571,222.5742857142857
11,844.0,1962.77,1787.57,1788.0,76.72727272727273,178.43363636363637
3,718.0,1158.02,1416.98,1417.0,239.33333333333334,386.00666666666666
6,323.0,1477.23,1608.55,1609.0,53.833333333333336,246.205
14,616.0,2374.41,1828.37,1828.0,44.0,169.60071428571428
8,752.0,1519.78,1662.92,1663.0,94.0,189.9725
1,1166.0,1423.69,1412.13,1412.0,1166.0,1423.69
3,1187.0,1632.14,1451.85,1452.0,395.6666666666667,544.0466666666667
3,1013.0,166.52,711.07,711.0,337.6666666666667,55.50666666666667
5,741.0,429.24,951.92,952.0,148.2,85.848
14,467.0,2176.26,1809.83,1810.0,33.357142857142854,155.44714285714286
3,224.0,358.77,406.36,406.0,74.66666666666667,119.58999999999999
3,712.0,512.23,751.16,751.0,237.33333333333334,170.74333333333334
12,218.0,901.03,1371.86,1372.0,18.166666666666668,75.08583333333333
6,373.0,587.38,956.61,957.0,62.166666666666664,97.89666666666666
8,562.0,2479.33,1478.31,1478.0,70.25,309.91625
5,132.0,2387.03,1454.05,1454.0,26.4,477.40600000000006
3,98.0,871.46,866.05,866.0,32.666666666666664,290.4866666666667
14,545.0,1206.76,1977.89,1978.0,38.92857142857143,86.19714285714285
1,869.0,1498.88,1398.94,1399.0,869.0,1498.88
2,875.0,393.25,640.56,641.0,437.5,196.625
8,888.0,2296.07,1718.71,1719.0,111.0,287.00875
1,716.0,1396.41,1376.59,1377.0,716.0,1396.41
8,1025.0,1031.33,2214.64,2215.0,128.125,128.91625
9,1064.0,2016.76,1810.94,1811.0,118.22222222222223,224.08444444444444
4,463.0,1963.41,1607.34,1607.0,115.75,490.8525
1,678.0,1478.57,1370.31,1370.0,678.0,1478.57
1,436.0,1358.14,1154.03,1154.0,436.0,1358.14
5,586.0,2135.36,1661.61,1662.0,117.2,427.072
1,797.0,126.8,543.18,543.0,797.0,126.8
14,481.0,939.99,877.17,877.0,34.357142857142854,67.14214285714286
7,172.0,1486.86,1557.94,1558.0,24.571428571428573,212.4085714285714
10,1192.0,23.47,1157.87,1158.0,119.2,2.347
7,981.0,658.85,1351.69,1352.0,140.14285714285714,94.12142857142858
10,692.0,1671.71,1701.23,1701.0,69.2,167.171
13,710.0,2223.86,1979.83,1980.0,54.61538461538461,171.06615384615387
12,380.0,1526.79,1787.41,1787.0,31.666666666666668,127.2325
3,133.0,1728.5,1373.4,1373.0,44.333333333333336,576.1666666666666
4,730.0,799.25,1250.66,1251.0,182.5,199.8125
12,1070.0,1055.51,2030.76,2031.0,89.16666666666667,87.95916666666666
8,1185.0,554.98,1545.67,1546.0,148.125,69.3725
11,456.0,2223.72,1600.1,1600.0,41.45454545454545,202.1563636363636
12,85.0,1056.43,1466.31,1466.0,7.083333333333333,88.03583333333334
2,543.0,103.37,544.12,544.0,271.5,51.685
6,367.0,1947.68,1606.76,1607.0,61.166666666666664,324.61333333333334
1,481.0,1792.17,1215.84,1216.0,481.0,1792.17
5,233.0,1862.04,1562.23,1562.0,46.6,372.408
1,45.0,1070.22,922.69,923.0,45.0,1070.22
5,152.0,2444.81,1523.75,1524.0,30.4,488.962
7,344.0,1242.05,1514.4,1514.0,49.142857142857146,177.43571428571428
5,320.0,1584.55,1584.73,1585.0,64.0,316.90999999999997
9,989.0,378.12,1193.72,1194.0,109.88888888888889,42.013333333333335
10,57.0,936.89,1237.07,1237.0,5.7,93.689
12,342.0,2253.61,1659.5,1660.0,28.5,187.80083333333334
2,983.0,2109.93,1519.98,1520.0,491.5,1054.965
10,886.0,1990.03,1749.93,1750.0,88.6,199.003
10,5.0,836.86,1116.56,1117.0,0.5,83.686
3,80.0,517.54,457.49,457.0,26.666666666666668,172.51333333333332
8,482.0,1411.49,631.81,632.0,60.25,176.43625
4,11.0,312.01,426.22,426.0,2.75,78.0025
12,1075.0,2328.11,1798.38,1798.0,89.58333333333333,194.0091666666667
13,632.0,268.91,1396.28,1396.0,48.61538461538461,20.685384615384617
8,323.0,46.48,703.45,703.0,40.375,5.81
11,527.0,1550.32,1806.06,1806.0,47.90909090909091,140.93818181818182
5,948.0,898.6,1499.68,1500.0,189.6,179.72
5,504.0,1502.63,1628.66,1629.0,100.8,300.526
10,793.0,1422.29,2007.62,2008.0,79.3,142.22899999999998
13,32.0,232.43,805.12,805.0,2.4615384615384617,17.87923076923077
9,768.0,1815.6,1666.18,1666.0,85.33333333333333,201.73333333333332
9,994.0,1742.62,1849.58,1850.0,110.44444444444444,193.62444444444444
1,1105.0,1432.3,1387.17,1387.0,1105.0,1432.3
12,178.0,507.59,907.19,907.0,14.833333333333334,42.299166666666665
10,472.0,431.95,924.65,925.0,47.2,43.195
5,716.0,1111.23,1492.08,1492.0,143.2,222.246
3,771.0,725.67,1166.93,1167.0,257.0,241.89
13,1054.0,1131.25,2162.03,2162.0,81.07692307692308,87.01923076923077
10,872.0,2191.27,1776.62,1777.0,87.2,219.127
12,1077.0,32.55,1387.43,1387.0,89.75,2.7125
12,211.0,749.56,1285.23,1285.0,17.583333333333332,62.46333333333333
4,199.0,1310.01,1400.57,1401.0,49.75,327.5025
2,1029.0,1702.6,1577.55,1578.0,514.5,851.3
10,643.0,2263.77,1685.92,1686.0,64.3,226.377
10,797.0,1706.73,1724.42,1724.0,79.7,170.673
12,657.0,322.5,1113.16,1113.0,54.75,26.875
8,177.0,486.06,751.58,752.0,22.125,60.7575
2,222.0,456.24,437.4,437.0,111.0,228.12
3,555.0,2342.76,1458.63,1459.0,185.0,780.9200000000001
2,785.0,1964.63,1522.76,1523.0,392.5,982.315
5,104.0,281.67,464.68,465.0,20.8,56.334
1,673.0,2026.16,1372.83,1373.0,673.0,2026.16
10,877.0,1711.12,1897.37,1897.0,87.7,171.112
1,250.0,1300.17,1145.33,1145.0,250.0,1300.17
1,467.0,296.49,221.23,221.0,467.0,296.49
10,1026.0,828.82,1865.67,1866.0,102.6,82.882
11,1106.0,2250.54,2050.62,2051.0,100.54545454545455,204.59454545454545
12,452.0,816.56,1243.1,1243.0,37.666666666666664,68.04666666666667
14,865.0,2497.16,1885.87,1886.0,61.785714285714285,178.3685714285714
8,107.0,2450.89,1468.19,1468.0,13.375,306.36125
8,80.0,1092.18,1365.73,1366.0,10.0,136.5225
8,945.0,766.98,1625.53,1626.0,118.125,95.8725
13,1140.0,1607.8,2214.64,2215.0,87.6923076923077,123.67692307692307
2,636.0,1438.19,1435.96,1436.0,318.0,719.095
14,865.0,1422.11,1921.18,1921.0,61.785714285714285,101.5792857142857
12,482.0,1710.47,1746.74,1747.0,40.166666666666664,142.53916666666666
2,68.0,756.61,648.53,649.0,34.0,378.305
14,512.0,526.84,1306.64,1307.0,36.57142857142857,37.63142857142857
14,1001.0,1647.24,2080.0,2080.0,71.5,117.66
1,547.0,573.6,616.27,616.0,547.0,573.6
10,5.0,1338.9,1610.25,1610.0,0.5,133.89000000000001
3,1158.0,1107.4,1361.3,1361.0,386.0,369.1333333333334
1,993.0,1143.58,1328.85,1329.0,993.0,1143.58
6,378.0,837.63,1215.96,1216.0,63.0,139.605
11,1156.0,2231.86,1988.56,1989.0,105.0909090909091,202.89636363636365
5,1050.0,882.86,1430.04,1430.0,210.0,176.572
8,836.0,735.52,1606.63,1607.0,104.5,91.94
11,654.0,1516.42,1870.43,1870.0,59.45454545454545,137.85636363636365
8,633.0,1308.36,1639.12,1639.0,79.125,163.545
12,713.0,1642.01,1873.19,1873.0,59.416666666666664,136.83416666666668
5,96.0,1105.47,1312.16,1312.0,19.2,221.094
7,1054.0,576.47,1344.18,1344.0,150.57142857142858,82.35285714285715
12,495.0,1948.13,1831.92,1832.0,41.25,162.34416666666667
1,1068.0,2011.28,1421.45,1421.0,1068.0,2011.28
7,1000.0,1620.46,1971.23,1971.0,142.85714285714286,231.49428571428572
13,855.0,1798.75,1951.77,1952.0,65.76923076923077,138.3653846153846
8,544.0,1279.51,1483.77,1484.0,68.0,159.93875
11,816.0,544.99,1077.12,1077.0,74.18181818181819,49.54454545454546
5,1080.0,2383.82,1664.76,1665.0,216.0,476.764
8,1124.0,1908.69,1833.27,1833.0,140.5,238.58625
3,29.0,1632.85,1269.1,1269.0,9.666666666666666,544.2833333333333
6,470.0,2235.72,1628.6,1629.0,78.33333333333333,372.61999999999995
7,287.0,2293.5,1558.09,1558.0,41.0,327.64285714285717
4,72.0,1367.29,1302.97,1303.0,18.0,341.8225
6,344.0,233.31,800.18,800.0,57.333333333333336,38.885
8,801.0,1241.21,1780.65,1781.0,100.125,155.15125
5,629.0,484.34,1029.87,1030.0,125.8,96.868
11,327.0,961.08,1356.46,1356.0,29.727272727272727,87.3709090909091
14,94.0,105.94,1180.63,1181.0,6.714285714285714,7.567142857142857
4,1113.0,2103.82,1695.08,1695.0,278.25,525.955
14,267.0,2090.21,1968.4,1968.0,19.071428571428573,149.3007142857143
1,979.0,1292.54,1313.53,1314.0,979.0,1292.54
10,625.0,519.94,1229.41,1229.0,62.5,51.99400000000001
14,457.0,848.61,1492.64,1493.0,32.642857142857146,60.615
11,398.0,723.39,1154.77,1155.0,36.18181818181818,65.76272727272728
14,68.0,438.96,866.76,867.0,4.857142857142857,31.354285714285712
3,769.0,2497.93,1587.8,1588.0,256.3333333333333,832.6433333333333
13,694.0,1054.31,1815.02,1815.0,53.38461538461539,81.10076923076923
12,1088.0,1977.91,1883.21,1883.0,90.66666666666667,164.82583333333335
9,101.0,950.23,1281.64,1282.0,11.222222222222221,105.58111111111111
1,170.0,2452.85,1209.08,1209.0,170.0,2452.85
12,1135.0,475.95,1447.39,1447.0,94.58333333333333,39.6625
3,1109.0,2092.26,1436.66,1437.0,369.6666666666667,697.4200000000001
7,753.0,358.13,1084.79,1085.0,107.57142857142857,51.16142857142857
2,521.0,467.19,667.85,668.0,260.5,233.595
12,1003.0,983.23,1996.18,1996.0,83.58333333333333,81.93583333333333
3,269.0,708.05,799.12,799.0,89.66666666666667,236.01666666666665
14,646.0,2418.19,1931.21,1931.0,46.142857142857146,172.72785714285715
14,1153.0,346.58,1292.93,1293.0,82.35714285714286,24.755714285714284
4,18.0,289.06,380.88,381.0,4.5,72.265
13,1167.0,1074.36,2197.33,2197.0,89.76923076923077,82.64307692307692
1,1113.0,1536.0,1403.6,1404.0,1113.0,1536.0
6,930.0,1907.95,1788.75,1789.0,155.0,317.9916666666667
5,714.0,617.72,1164.2,1164.0,142.8,123.54400000000001
7,256.0,2180.53,1548.87,1549.0,36.57142857142857,311.50428571428574
9,1063.0,2497.79,1761.94,1762.0,118.11111111111111,277.53222222222223
11,512.0,2016.19,1710.53,1711.0,46.54545454545455,183.29
9,463.0,1024.53,1476.48,1476.0,51.44444444444444,113.83666666666666
12,714.0,2003.23,1829.06,1829.0,59.5,166.93583333333333
9,1165.0,1868.79,1945.95,1946.0,129.44444444444446,207.64333333333332
1,872.0,2420.07,1456.34,1456.0,872.0,2420.07
10,631.0,1220.71,1730.86,1731.0,63.1,122.071
9,633.0,888.17,1384.78,1385.0,70.33333333333333,98.68555555555555
4,1065.0,119.34,781.82,782.0,266.25,29.835
12,947.0,193.05,1225.63,1226.0,78.91666666666667,16.087500000000002
4,159.0,568.58,647.0,647.0,39.75,142.145
1,292.0,449.83,363.02,363.0,292.0,449.83
1,1115.0,926.13,1192.88,1193.0,1115.0,926.13
7,1168.0,667.94,1639.55,1640.0,166.85714285714286,95.42
4,348.0,2047.08,1507.04,1507.0,87.0,511.77
8,77.0,1930.98,1485.69,1486.0,9.625,241.3725
7,1033.0,1013.03,2119.83,2120.0,147.57142857142858,144.71857142857144
4,672.0,1603.52,1612.43,1612.0,168.0,400.88
4,1191.0,999.45,1478.93,1479.0,297.75,249.8625
8,392.0,661.27,978.13,978.0,49.0,82.65875
7,951.0,584.4,1253.76,1254.0,135.85714285714286,83.48571428571428
5,778.0,2423.47,1643.96,1644.0,155.6,484.69399999999996
11,958.0,1999.13,1900.18,1900.0,87.0909090909091,181.73909090909092
3,186.0,1068.31,1152.04,1152.0,62.0,356.1033333333333
5,1116.0,2460.46,1711.97,1712.0,223.2,492.092
13,63.0,107.92,710.25,710.0,4.846153846153846,8.301538461538462
6,170.0,476.99,600.23,600.0,28.333333333333332,79.49833333333333
3,870.0,413.23,795.8,796.0,290.0,137.74333333333334
12,852.0,1957.9,1944.89,1945.0,71.0,163.15833333333333
6,420.0,386.77,929.16,929.0,70.0,64.46166666666666
6,668.0,1922.45,1796.98,1797.0,111.33333333333333,320.40833333333336
8,795.0,1645.99,644.69,645.0,99.375,205.74875
4,420.0,927.74,1238.04,1238.0,105.0,231.935
12,1074.0,2407.71,1843.97,1844.0,89.5,200.6425
12,916.0,2394.85,1740.85,1741.0,76.33333333333333,199.57083333333333
4,1075.0,586.17,1023.65,1024.0,268.75,146.5425
5,1143.0,1217.72,1745.09,1745.0,228.6,243.544
2,719.0,591.44,755.3,755.0,359.5,295.72
4,197.0,1858.84,1416.33,1416.0,49.25,464.71
6,248.0,395.4,710.15,710.0,41.333333333333336,65.89999999999999
10,834.0,1820.8,1883.49,1883.0,83.4,182.07999999999998
1,1112.0,2011.44,1423.85,1424.0,1112.0,2011.44
12,1189.0,1453.16,2162.13,2162.0,99.08333333333333,121.09666666666668
14,269.0,1349.61,1832.34,1832.0,19.214285714285715,96.40071428571427
7,671.0,1262.85,1600.42,1600.0,95.85714285714286,180.40714285714284
9,52.0,350.58,601.81,602.0,5.777777777777778,38.95333333333333
14,976.0,1526.58,1995.87,1996.0,69.71428571428571,109.04142857142857
2,370.0,1554.5,1311.23,1311.0,185.0,777.25
4,1180.0,1948.55,1565.16,1565.0,295.0,487.1375
5,36.0,2022.94,1410.58,1411.0,7.2,404.588
5,691.0,1030.64,1465.26,1465.0,138.2,206.12800000000001
8,52.0,2353.5,1485.05,1485.0,6.5,294.1875
11,24.0,2029.04,1569.37,1569.0,2.1818181818181817,184.45818181818183
8,221.0,936.98,1287.0,1287.0,27.625,117.1225
1,85.0,89.83,175.53,176.0,85.0,89.83
7,803.0,12.75,1146.78,1147.0,114.71428571428571,1.8214285714285714
12,893.0,910.41,1862.13,1862.0,74.41666666666667,75.86749999999999
14,113.0,1091.13,1703.02,1703.0,8.071428571428571,77.93785714285715
5,516.0,1878.49,669.85,670.0,103.2,375.698
14,904.0,2005.96,1970.01,1970.0,64.57142857142857,143.28285714285715
1,1058.0,1601.04,1465.9,1466.0,1058.0,1601.04
14,555.0,313.73,1201.26,1201.0,39.642857142857146,22.409285714285716
7,738.0,730.28,1429.72,1430.0,105.42857142857143,104.32571428571428
8,792.0,2437.24,1556.7,1557.0,99.0,304.655
5,831.0,432.8,901.36,901.0,166.2,86.56
7,709.0,320.8,1116.62,1117.0,101.28571428571429,45.82857142857143
9,1078.0,161.85,1260.96,1261.0,119.77777777777777,17.983333333333334
2,616.0,968.93,1163.1,1163.0,308.0,484.465
2,570.0,2297.12,1423.86,1424.0,285.0,1148.56
9,13.0,986.41,1271.52,1272.0,1.4444444444444444,109.60111111111111
7,381.0,2106.96,1705.27,1705.0,54.42857142857143,300.9942857142857
9,460.0,2424.47,1624.68,1625.0,51.111111111111114,269.3855555555555
4,425.0,1286.54,1449.26,1449.0,106.25,321.635
11,437.0,1053.24,1630.47,1630.0,39.72727272727273,95.74909090909091
9,1000.0,1901.79,1778.65,1779.0,111.11111111111111,211.31
1,553.0,1687.11,1295.34,1295.0,553.0,1687.11
10,5.0,1094.06,1361.08,1361.0,0.5,109.40599999999999
12,931.0,864.21,1663.58,1664.0,77.58333333333333,72.0175
6,436.0,914.53,1389.11,1389.0,72.66666666666667,152.42166666666665
3,1074.0,247.32,636.02,636.0,358.0,82.44
9,896.0,1398.54,1727.1,1727.0,99.55555555555556,155.39333333333332
1,462.0,2047.57,1202.9,1203.0,462.0,2047.57
3,665.0,2418.16,1490.96,1491.0,221.66666666666666,806.0533333333333
11,532.0,2419.86,1653.69,1654.0,48.36363636363637,219.98727272727274
9,483.0,52.64,949.04,949.0,53.666666666666664,5.848888888888889
12,296.0,326.83,981.72,982.0,24.666666666666668,27.235833333333332
9,131.0,1990.0,1557.2,1557.0,14.555555555555555,221.11111111111111
6,836.0,2035.17,1718.79,1719.0,139.33333333333334,339.195
10,532.0,1223.36,1631.49,1631.0,53.2,122.33599999999998
14,595.0,2140.61,1989.13,1989.0,42.5,152.9007142857143
7,623.0,1894.02,1739.49,1739.0,89.0,270.57428571428574
5,1077.0,2234.35,1665.23,1665.0,215.4,446.87
5,579.0,1018.52,1468.01,1468.0,115.8,203.704
8,255.0,1817.19,1510.91,1511.0,31.875,227.14875
8,1009.0,1378.07,1903.76,1904.0,126.125,172.25875
10,87.0,498.96,781.97,782.0,8.7,49.896
1,809.0,1734.56,1447.25,1447.0,809.0,1734.56
9,1079.0,1981.94,1763.16,1763.0,119.88888888888889,220.21555555555557
8,1134.0,1049.84,2073.13,2073.0,141.75,131.23
8,403.0,654.97,895.14,895.0,50.375,81.87125
8,534.0,429.88,916.02,916.0,66.75,53.735
13,564.0,2245.56,1745.09,1745.0,43.38461538461539,172.73538461538462
2,752.0,958.29,1144.41,1144.0,376.0,479.145
11,293.0,1410.0,1673.7,1674.0,26.636363636363637,128.1818181818182
5,919.0,470.23,1119.17,1119.0,183.8,94.046
5,103.0,333.22,573.58,574.0,20.6,66.644
1,893.0,19.76,570.71,571.0,893.0,19.76
12,37.0,52.65,789.01,789.0,3.0833333333333335,4.3875
8,1142.0,776.74,1827.44,1827.0,142.75,97.0925
5,332.0,218.03,801.73,802.0,66.4,43.606
7,950.0,1739.62,2032.23,2032.0,135.71428571428572,248.51714285714283
9,223.0,1916.03,1623.73,1624.0,24.77777777777778,212.89222222222222
6,522.0,1210.87,1577.01,1577.0,87.0,201.81166666666664
12,46.0,2077.07,1666.29,1666.0,3.8333333333333335,173.08916666666667
2,252.0,1545.94,1300.19,1300.0,126.0,772.97
14,999.0,619.42,1510.57,1511.0,71.35714285714286,44.24428571428571
13,125.0,2004.61,1721.56,1722.0,9.615384615384615,154.20076923076923
9,597.0,625.99,990.84,991.0,66.33333333333333,69.55444444444444
3,289.0,853.79,969.85,970.0,96.33333333333333,284.59666666666664
7,953.0,1918.24,1833.56,1834.0,136.14285714285714,274.0342857142857
4,275.0,2359.64,1483.58,1484.0,68.75,589.91
5,755.0,1584.41,1729.08,1729.0,151.0,316.882
9,803.0,880.17,1589.75,1590.0,89.22222222222223,97.79666666666667
11,293.0,285.14,966.87,967.0,26.636363636363637,25.921818181818182
6,164.0,1460.21,1535.3,1535.0,27.333333333333332,243.36833333333334
12,675.0,2277.93,1807.33,1807.0,56.25,189.8275
11,859.0,146.71,1267.98,1268.0,78.0909090909091,13.337272727272728
2,296.0,1878.7,1354.0,1354.0,148.0,939.35
7,300.0,2417.85,1634.04,1634.0,42.857142857142854,345.40714285714284
2,1155.0,1517.18,1543.17,1543.0,577.5,758.59
5,765.0,480.48,1038.42,1038.0,153.0,96.096
9,1097.0,2330.2,1728.07,1728.0,121.88888888888889,258.9111111111111
4,422.0,2049.71,1491.9,1492.0,105.5,512.4275
14,1020.0,510.33,1406.95,1407.0,72.85714285714286,36.45214285714285
4,205.0,545.57,682.22,682.0,51.25,136.3925
12,1046.0,1850.85,1875.72,1876.0,87.16666666666667,154.23749999999998
4,1001.0,739.08,1116.31,1116.0,250.25,184.77
9,938.0,742.17,1632.1,1632.0,104.22222222222223,82.46333333333332
5,351.0,407.74,883.11,883.0,70.2,81.548
9,748.0,653.42,1249.66,1250.0,83.11111111111111,72.60222222222222
13,1186.0,2462.26,1906.35,1906.0,91.23076923076923,189.4046153846154
6,384.0,1656.04,1682.33,1682.0,64.0,276.00666666666666
10,150.0,418.41,844.9,845.0,15.0,41.841
10,783.0,158.93,993.55,994.0,78.3,15.893
6,372.0,2494.69,1742.34,1742.0,62.0,415.7816666666667
10,958.0,1643.76,1827.18,1827.0,95.8,164.376
8,34.0,1225.2,1438.52,1439.0,4.25,153.15
7,151.0,2461.93,1516.58,1517.0,21.571428571428573,351.7042857142857
7,150.0,1379.35,1500.09,1500.0,21.428571428571427,197.04999999999998
6,751.0,2085.98,1757.81,1758.0,125.16666666666667,347.66333333333336
7,568.0,159.12,738.92,739.0,81.14285714285714,22.731428571428573
12,574.0,2240.9,1785.72,1786.0,47.833333333333336,186.74166666666667
13,36.0,808.38,1190.16,1190.0,2.769230769230769,62.183076923076925
14,595.0,1818.77,1889.9,1890.0,42.5,129.91214285714287
7,381.0,2342.27,1705.24,1705.0,54.42857142857143,334.61
14,174.0,815.3,1295.14,1295.0,12.428571428571429,58.23571428571428
11,226.0,2013.45,1590.82,1591.0,20.545454545454547,183.04090909090908
13,137.0,1505.66,1777.72,1778.0,10.538461538461538,115.82000000000001
13,774.0,206.45,1110.0,1110.0,59.53846153846154,15.88076923076923
5,1120.0,1514.91,1658.97,1659.0,224.0,302.982
4,862.0,2335.55,1698.94,1699.0,215.5,583.8875
8,829.0,1147.89,2004.34,2004.0,103.625,143.48625
4,380.0,446.66,764.24,764.0,95.0,111.665
9,238.0,1197.83,1560.78,1561.0,26.444444444444443,133.0922222222222
13,1199.0,493.0,1634.13,1634.0,92.23076923076923,37.92307692307692
12,710.0,1249.41,1921.09,1921.0,59.166666666666664,104.1175
14,719.0,1973.14,1980.99,1981.0,51.357142857142854,140.93857142857144
1,482.0,1697.08,1198.24,1198.0,482.0,1697.08
9,444.0,725.31,1062.52,1063.0,49.333333333333336,80.58999999999999
11,610.0,1990.79,1753.56,1754.0,55.45454545454545,180.98090909090908
4,238.0,1707.28,1483.48,1483.0,59.5,426.82
2,299.0,1612.7,1282.8,1283.0,149.5,806.35
10,273.0,799.9,1155.05,1155.0,27.3,79.99
3,154.0,274.04,406.91,407.0,51.333333333333336,91.34666666666668
7,636.0,697.02,1276.06,1276.0,90.85714285714286,99.57428571428571
2,1038.0,685.07,962.14,962.0,519.0,342.535
2,798.0,2334.41,1485.4,1485.0,399.0,1167.205
12,601.0,2166.56,1918.46,1918.0,50.083333333333336,180.54666666666665
6,290.0,814.04,1077.35,1077.0,48.333333333333336,135.67333333333332
8,16.0,259.02,543.56,544.0,2.0,32.3775
8,303.0,1072.44,1453.25,1453.0,37.875,134.055
11,372.0,2048.26,1632.61,1633.0,33.81818181818182,186.20545454545456
3,864.0,2338.52,1513.04,1513.0,288.0,779.5066666666667
11,913.0,2253.41,1758.56,1759.0,83.0,204.85545454545453
14,805.0,834.06,1683.49,1683.0,57.5,59.575714285714284
5,905.0,2317.31,1691.38,1691.0,181.0,463.462
10,728.0,226.53,1060.47,1060.0,72.8,22.653
4,842.0,893.25,1324.64,1325.0,210.5,223.3125
5,117.0,953.06,1116.8,1117.0,23.4,190.612
12,307.0,957.17,1432.75,1433.0,25.583333333333332,79.76416666666667
9,51.0,314.81,704.94,705.0,5.666666666666667,34.97888888888889
7,1071.0,841.11,1699.9,1700.0,153.0,120.15857142857143
13,922.0,1510.22,1967.87,1968.0,70.92307692307692,116.17076923076924
8,867.0,2373.39,1747.22,1747.0,108.375,296.67375
11,1013.0,1483.3,1952.8,1953.0,92.0909090909091,134.84545454545454
6,1148.0,1525.81,1776.48,1776.0,191.33333333333334,254.30166666666665
12,158.0,2195.67,1625.46,1625.0,13.166666666666666,182.9725
5,1010.0,2054.21,1810.37,1810.0,202.0,410.842
1,682.0,1517.04,1376.04,1376.0,682.0,1517.04
5,14.0,78.33,406.7,407.0,2.8,15.666
6,1203.0,1900.48,1972.88,1973.0,200.5,316.74666666666667
4,810.0,1852.31,1575.87,1576.0,202.5,463.0775
3,760.0,2073.25,1522.45,1522.0,253.33333333333334,691.0833333333334
7,868.0,625.09,1403.48,1403.0,124.0,89.29857142857144
7,205.0,103.31,683.1,683.0,29.285714285714285,14.758571428571429
5,387.0,1882.35,1588.8,1589.0,77.4,376.46999999999997
11,447.0,130.07,852.02,852.0,40.63636363636363,11.824545454545454
9,482.0,1348.44,1633.26,1633.0,53.55555555555556,149.82666666666668
7,15.0,2436.67,1459.63,1460.0,2.142857142857143,348.0957142857143
10,955.0,1182.33,1950.3,1950.0,95.5,118.23299999999999
5,41.0,2314.68,1500.28,1500.0,8.2,462.936
2,1189.0,1164.74,1666.52,1667.0,594.5,582.37
2,762.0,519.74,752.69,753.0,381.0,259.87
10,895.0,937.46,1714.8,1715.0,89.5,93.74600000000001
13,858.0,2258.01,1889.71,1890.0,66.0,173.69307692307694
11,650.0,524.8,1179.09,1179.0,59.09090909090909,47.709090909090904
4,198.0,2106.63,1450.67,1451.0,49.5,526.6575
1,791.0,1927.75,1419.88,1420.0,791.0,1927.75
14,1020.0,1201.75,2337.73,2338.0,72.85714285714286,85.83928571428571
12,59.0,2247.39,1629.92,1630.0,4.916666666666667,187.2825
8,626.0,545.84,1142.89,1143.0,78.25,68.23
5,57.0,559.05,639.73,640.0,11.4,111.80999999999999
5,908.0,716.7,1375.88,1376.0,181.6,143.34
13,8.0,78.44,713.71,714.0,0.6153846153846154,6.033846153846154
11,684.0,672.51,1487.93,1488.0,62.18181818181818,61.13727272727272
4,180.0,2365.46,1443.02,1443.0,45.0,591.365
13,511.0,1628.33,1915.79,1916.0,39.30769230769231,125.25615384615384
4,231.0,20.39,499.26,499.0,57.75,5.0975
9,1139.0,1973.31,1759.33,1759.0,126.55555555555556,219.25666666666666
9,578.0,1167.71,1587.21,1587.0,64.22222222222223,129.74555555555557
14,530.0,2028.06,2079.14,2079.0,37.857142857142854,144.86142857142858
7,316.0,141.89,837.8,838.0,45.142857142857146,20.27
2,897.0,2382.39,1437.95,1438.0,448.5,1191.195
12,121.0,608.92,1033.44,1033.0,10.083333333333334,50.74333333333333
4,764.0,1417.94,1682.1,1682.0,191.0,354.485
11,663.0,2141.08,1715.29,1715.0,60.27272727272727,194.64363636363635
3,91.0,1640.15,1338.3,1338.0,30.333333333333332,546.7166666666667
1,1035.0,1289.84,1317.33,1317.0,1035.0,1289.84
7,125.0,193.62,616.24,616.0,17.857142857142858,27.66
12,437.0,639.96,1183.74,1184.0,36.416666666666664,53.330000000000005
4,84.0,2243.12,1392.1,1392.0,21.0,560.78
5,716.0,1316.6,1686.98,1687.0,143.2,263.32
12,18.0,2461.37,1556.78,1557.0,1.5,205.11416666666665
3,560.0,1664.15,1419.48,1419.0,186.66666666666666,554.7166666666667
3,504.0,63.39,568.17,568.0,168.0,21.13
5,1126.0,664.9,1336.74,1337.0,225.2,132.98
1,1092.0,390.55,589.11,589.0,1092.0,390.55
11,273.0,502.37,862.61,863.0,24.818181818181817,45.67
4,6.0,458.7,459.21,459.0,1.5,114.675
1,620.0,490.45,678.74,679.0,620.0,490.45
5,659.0,2083.15,1645.06,1645.0,131.8,416.63
12,353.0,2150.17,1765.67,1766.0,29.416666666666668,179.18083333333334
13,618.0,1982.27,2000.39,2000.0,47.53846153846154,152.4823076923077
2,1158.0,2355.92,1528.91,1529.0,579.0,1177.96
3,512.0,1251.6,1360.76,1361.0,170.66666666666666,417.2
5,840.0,941.55,1676.48,1676.0,168.0,188.31
7,1086.0,2319.81,1858.36,1858.0,155.14285714285714,331.40142857142854
13,1152.0,864.45,1797.14,1797.0,88.61538461538461,66.49615384615385
4,840.0,1375.42,1580.95,1581.0,210.0,343.855
4,724.0,89.99,667.98,668.0,181.0,22.4975
3,327.0,2141.92,1438.41,1438.0,109.0,713.9733333333334
13,1055.0,2005.84,1997.52,1998.0,81.15384615384616,154.29538461538462
1,931.0,327.97,609.73,610.0,931.0,327.97
10,108.0,2181.67,1632.42,1632.0,10.8,218.167
13,1204.0,24.47,1344.17,1344.0,92.61538461538461,1.8823076923076922
5,517.0,919.25,1288.31,1288.0,103.4,183.85
8,897.0,1536.36,1944.62,1945.0,112.125,192.045
12,988.0,2492.79,1753.84,1754.0,82.33333333333333,207.7325
1,1041.0,1630.25,1466.95,1467.0,1041.0,1630.25
10,454.0,2359.42,1619.0,1619.0,45.4,235.942
5,406.0,1084.16,1399.39,1399.0,81.2,216.83200000000002
4,103.0,1790.07,1394.55,1395.0,25.75,447.5175
11,198.0,269.95,695.66,696.0,18.0,24.54090909090909
4,477.0,18.97,631.5,632.0,119.25,4.7425
11,67.0,2455.53,1572.91,1573.0,6.090909090909091,223.23000000000002
7,789.0,185.73,966.26,966.0,112.71428571428571,26.532857142857143
13,70.0,993.7,1492.02,1492.0,5.384615384615385,76.43846153846154
12,59.0,858.62,1377.35,1377.0,4.916666666666667,71.55166666666666
3,1027.0,180.0,804.96,805.0,342.3333333333333,60.0
3,275.0,543.74,572.73,573.0,91.66666666666667,181.24666666666667
12,180.0,384.42,873.97,874.0,15.0,32.035000000000004
3,334.0,2449.89,1472.53,1473.0,111.33333333333333,816.63
7,759.0,1694.02,1960.92,1961.0,108.42857142857143,242.00285714285715
10,174.0,1991.96,1542.4,1542.0,17.4,199.196
1,780.0,366.37,516.69,517.0,780.0,366.37
9,934.0,415.5,1208.82,1209.0,103.77777777777777,46.166666666666664
8,936.0,556.28,1277.26,1277.0,117.0,69.535
1,1002.0,2320.13,1475.4,1475.0,1002.0,2320.13
7,83.0,137.84,482.65,483.0,11.857142857142858,19.69142857142857
9,191.0,789.52,1058.5,1058.0,21.22222222222222,87.72444444444444
3,280.0,1090.37,1256.92,1257.0,93.33333333333333,363.45666666666665
5,644.0,2383.17,1785.53,1786.0,128.8,476.634
10,498.0,992.86,1395.03,1395.0,49.8,99.286
4,317.0,1793.28,1518.93,1519.0,79.25,448.32
4,1100.0,370.61,860.32,860.0,275.0,92.6525
4,263.0,2469.06,1503.98,1504.0,65.75,617.265
4,932.0,1287.34,1513.28,1513.0,233.0,321.835
14,343.0,2013.4,1839.05,1839.0,24.5,143.81428571428572
2,274.0,888.24,917.79,918.0,137.0,444.12
1,759.0,330.29,500.92,501.0,759.0,330.29
8,204.0,2178.45,1506.38,1506.0,25.5,272.30625
10,396.0,2068.65,1556.68,1557.0,39.6,206.865
6,840.0,870.82,1496.46,1496.0,140.0,145.13666666666668
7,756.0,1473.59,1961.96,1962.0,108.0,210.51285714285714
4,1048.0,279.75,780.15,780.0,262.0,69.9375
9,800.0,39.96,1158.68,1159.0,88.88888888888889,4.44
3,240.0,1895.67,1386.33,1386.0,80.0,631.89
13,997.0,920.48,2124.16,2124.0,76.6923076923077,70.80615384615385
2,826.0,2163.39,1523.26,1523.0,413.0,1081.695
6,194.0,914.25,1168.72,1169.0,32.333333333333336,152.375
4,333.0,1934.76,1467.52,1468.0,83.25,483.69
8,1053.0,1864.01,1794.57,1795.0,131.625,233.00125
12,466.0,1291.33,1770.37,1770.0,38.833333333333336,107.61083333333333
8,916.0,2417.62,1755.05,1755.0,114.5,302.2025
11,322.0,1251.3,1732.46,1732.0,29.272727272727273,113.75454545454545
13,11.0,1114.96,1555.48,1555.0,0.8461538461538461,85.76615384615386
7,250.0,364.79,718.71,719.0,35.714285714285715,52.112857142857145
5,247.0,296.51,594.93,595.0,49.4,59.302
14,1158.0,2104.61,1899.69,1900.0,82.71428571428571,150.32928571428573
11,1095.0,1071.83,2159.33,2159.0,99.54545454545455,97.43909090909091
11,1149.0,270.81,1284.51,1285.0,104.45454545454545,24.61909090909091
9,14.0,1057.38,1372.31,1372.0,1.5555555555555556,117.48666666666668
4,184.0,983.77,1202.69,1203.0,46.0,245.9425
6,135.0,2488.22,1561.2,1561.0,22.5,414.7033333333333
5,717.0,1508.97,1722.49,1722.0,143.4,301.794
1,389.0,1964.96,1228.94,1229.0,389.0,1964.96
3,1136.0,1296.54,1536.6,1537.0,378.6666666666667,432.18
13,145.0,2202.42,1716.13,1716.0,11.153846153846153,169.41692307692307
1,1122.0,861.5,1081.05,1081.0,1122.0,861.5
14,383.0,97.95,1203.93,1204.0,27.357142857142858,6.996428571428572
1,309.0,1211.37,1110.55,1111.0,309.0,1211.37
14,1090.0,2248.68,1905.5,1906.0,77.85714285714286,160.61999999999998
3,278.0,994.9,1167.78,1168.0,92.66666666666667,331.6333333333333
7,1109.0,2397.29,1917.57,1918.0,158.42857142857142,342.46999999999997
12,643.0,2194.16,1758.03,1758.0,53.583333333333336,182.84666666666666
11,176.0,1050.67,1444.13,1444.0,16.0,95.51545454545455
7,309.0,1021.75,1309.85,1310.0,44.142857142857146,145.96428571428572
3,992.0,1897.41,1539.0,1539.0,330.6666666666667,632.47
3,175.0,440.19,431.17,431.0,58.333333333333336,146.73
5,895.0,2329.69,1791.96,1792.0,179.0,465.938
8,372.0,348.37,950.24,950.0,46.5,43.54625
5,567.0,193.11,718.3,718.0,113.4,38.622
8,978.0,710.43,1624.58,1625.0,122.25,88.80375
1,1082.0,1809.49,446.94,447.0,1082.0,1809.49
11,636.0,2238.97,1699.94,1700.0,57.81818181818182,203.54272727272726
6,370.0,315.09,946.39,946.0,61.666666666666664,52.51499999999999
8,413.0,222.83,802.95,803.0,51.625,27.85375
3,399.0,141.39,546.04,546.0,133.0,47.129999999999995
