days,miles,receipts,output,complexity,predicted_best,error_best
3,93.0,1.42,364.51,97.42,243.05789607033557,121.45210392966442
1,55.0,3.6,126.06,59.6,96.29761017504738,29.76238982495262
1,47.0,17.97,128.91,65.97,97.92515617451701,30.984843825482983
2,13.0,4.67,203.52,19.67,135.25239121308084,68.26760878691917
3,88.0,5.78,380.37,96.78,242.06007113047403,138.30992886952598
1,76.0,13.74,158.35,90.74,112.89463168189454,45.45536831810546
3,41.0,4.52,320.12,48.519999999999996,214.26052210329323,105.85947789670678
1,140.0,22.71,199.68,163.71,153.9124686346821,45.76753136531789
3,121.0,21.17,464.07,145.17000000000002,267.90377560411156,196.16622439588843
3,117.0,21.99,359.1,141.99,265.94216593219716,93.15783406780287
2,202.0,21.24,356.17,225.24,252.05789714776432,104.1121028522357
3,80.0,21.05,366.87,104.05,244.08005144329547,122.78994855670453
2,21.0,20.04,204.58,43.04,146.5926190792589,57.98738092074112
3,177.0,18.73,430.86,198.73,299.3080956694691,131.55190433053093
1,141.0,10.15,195.14,152.15,149.01562000659223,46.12437999340776
1,58.0,5.86,117.24,64.86,99.02242704107925,18.21757295892074
1,133.0,8.34,179.06,142.34,143.58806912824815,35.47193087175185
1,59.0,8.31,120.65,68.31,100.6705106834457,19.979489316554307
2,89.0,13.85,234.2,104.85,183.31927897788864,50.880721022111345
2,147.0,17.43,325.56,166.43,218.50812902903908,107.05187097096092
5,130.0,306.9,574.1,441.9,523.3898815605135,50.710118439486564
5,173.0,1337.9,1443.96,1515.9,997.8761694646097,446.08383053539035
5,592.0,433.75,869.0,1030.75,846.5644058513233,22.435594148676728
5,679.0,476.08,1030.41,1160.08,915.4636500630301,114.94634993697002
5,708.0,1129.52,1654.62,1842.52,1217.2023198616148,437.4176801383851
5,261.0,464.94,621.12,730.94,668.2538676125803,47.133867612580275
5,794.0,511.0,1139.94,1310.0,997.3659783078069,142.57402169219313
5,521.0,1448.55,1624.01,1974.55,1247.890789462158,376.11921053784204
5,595.0,863.93,1231.67,1463.9299999999998,1035.8786575723634,195.79134242763666
5,811.0,952.39,1608.6,1768.3899999999999,1199.6852806938737,408.91471930612624
5,477.0,704.42,1045.96,1186.42,897.9109685145245,148.04903148547555
5,730.0,485.73,991.49,1220.73,949.2407199020921,42.2492800979079
5,262.0,1173.79,1485.59,1440.79,977.9192834235247,507.67071657647523
5,446.0,219.98,788.62,670.98,668.703161533296,119.91683846670401
5,751.0,407.43,1063.46,1163.43,927.2745295502344,136.1854704497656
5,324.0,128.94,686.54,457.94,558.2718420238205,128.2681579761795
5,414.0,967.0,1368.94,1386.0,975.8790748962953,393.0609251037048
5,367.0,290.78,742.25,662.78,653.7712323802931,88.4787676197069
5,764.0,848.75,1468.46,1617.75,1127.2441483322943,341.2158516677057
5,249.0,873.75,1185.24,1127.75,839.5531310751803,345.6868689248197
8,862.0,1817.85,1719.37,2687.85,1795.1463692874868,75.77636928748689
11,927.0,1994.33,1779.12,2932.33,2098.302973139676,319.18297313967605
9,602.0,186.69,1085.4,797.69,995.9923690440512,89.40763095594889
8,610.0,208.29,841.27,826.29,947.2097043721047,105.93970437210476
12,333.0,1103.21,1618.13,1448.21,1428.1846895332512,189.94531046674888
8,435.0,1129.65,1525.26,1572.65,1247.4945011795496,277.7654988204504
9,218.0,1203.45,1561.63,1430.45,1216.6990442030851,344.930955796915
12,781.0,1159.18,1752.72,1952.18,1712.3357681838095,40.38423181619055
11,916.0,1036.91,2098.07,1963.91,1674.453658024244,423.6163419757561
10,358.0,2066.62,1624.11,2434.62,1737.0841161707274,112.97411617072748
12,566.0,2013.7,1752.03,2591.7,1960.284167301088,208.25416730108805
9,954.0,1483.39,2024.2,2446.3900000000003,1765.4891692555866,258.71083074441344
9,534.0,1929.94,1624.87,2472.94,1716.690096201976,91.82009620197618
12,765.0,1343.97,1953.03,2120.9700000000003,1783.6346097366936,169.39539026330635
8,630.0,967.69,1388.05,1605.69,1289.9328618917975,98.11713810820243
10,909.0,696.0,1505.19,1615.0,1458.9059588084829,46.28404119151719
10,223.0,745.89,1037.45,978.89,1082.9238005267825,45.4738005267825
8,467.0,1178.71,1483.33,1653.71,1287.4398191200066,195.8901808799933
9,708.0,461.07,1110.6,1178.07,1177.0902748237884,66.49027482378847
9,885.0,1764.97,1694.37,2658.9700000000003,1848.2632586275543,153.89325862755436
6,855.0,591.35,1339.72,1452.35,1130.6082560520308,209.11174394796922
2,993.0,54.24,715.19,1049.24,725.0612302379169,9.871230237916848
5,685.0,747.14,1216.36,1437.1399999999999,1037.1348858848628,179.2251141151371
3,981.0,341.45,813.95,1325.45,906.1776676481985,92.22766764819846
5,770.0,873.33,1502.49,1648.33,1141.4407068708442,361.0492931291558
6,697.0,651.64,1237.71,1354.6399999999999,1065.2901377253183,172.4198622746817
3,795.0,450.85,743.94,1248.85,846.0392551403833,102.0992551403832
3,606.0,1184.23,1364.54,1793.23,1056.2405417592463,308.29945824075367
3,842.0,865.37,1251.14,1710.37,1054.0359200961973,197.1040799038028
7,748.0,241.73,971.31,996.73,978.9624615050552,7.652461505055271
7,624.0,148.16,905.79,779.16,866.26838506934,39.52161493066001
2,713.0,740.33,1048.28,1455.33,861.8813626051881,186.39863739481189
3,874.0,1191.4,1515.99,2068.4,1214.750717780045,301.23928221995493
6,761.0,530.19,1120.1,1297.19,1049.4398822921687,70.6601177078312
1,815.0,97.89,539.36,913.89,578.052222756732,38.69222275673201
1,601.0,497.7,644.12,1099.7,628.3095158586942,15.810484141305778
7,817.0,1127.87,1809.91,1951.87,1405.3588125632857,404.5511874367144
1,606.0,923.0,1050.05,1530.0,816.6554819927111,233.39451800728887
1,909.0,741.82,866.07,1651.8200000000002,913.3305351744115,47.260535174411416
3,624.0,1160.92,1459.34,1787.92,1056.5127172517914,402.8272827482085
4,650.0,619.49,676.38,1273.49,898.3425508621096,221.96255086210965
6,204.0,818.99,628.4,1028.99,852.4245328402302,224.02453284023022
1,263.0,396.49,198.42,660.49,388.20899810805685,189.78899810805686
1,451.0,555.49,162.18,1007.49,566.5396240874967,404.3596240874967
10,424.0,474.99,831.96,908.99,1081.3389092012092,249.37890920120913
2,565.0,389.49,415.96,956.49,623.0927918960845,207.13279189608448
9,397.0,348.49,913.29,754.49,947.6863398936755,34.39633989367553
1,532.0,413.99,355.57,946.99,551.8032382036803,196.2332382036803
2,384.0,495.49,290.36,881.49,564.3708009290394,274.0108009290394
5,754.0,489.99,765.13,1248.99,965.013207929767,199.88320792976697
1,344.46,813.85,707.88,1159.31,617.423582798225,90.45641720177503
3,906.3,540.03,848.42,1449.33,949.4557882339637,101.03578823396379
3,1007.56,187.52,764.64,1198.08,854.457547530925,89.81754753092503
1,359.62,221.15,255.57,581.77,367.77340549413117,112.20340549413118
1,362.79,749.19,636.51,1112.98,599.8569125600375,36.65308743996252
1,288.72,159.26,303.94,448.98,299.67987830305344,4.260121696946555
2,782.17,830.72,1165.44,1614.8899999999999,941.3989392812699,224.04106071873014
2,623.18,347.54,625.15,972.72,638.5331883149763,13.383188314976337
3,1061.15,388.5,693.36,1452.65,973.1634487128589,279.8034487128589
1,252.75,285.5,331.74,539.25,333.87027661283383,2.130276612833825
3,1020.39,250.62,779.08,1274.01,889.4102619777701,110.33026197777008
1,257.97,816.81,738.01,1075.78,568.5681983298701,169.44180167012985
3,1025.03,592.55,992.4,1620.58,1041.1950050674634,48.79500506746342
2,794.32,402.31,671.06,1198.63,761.6402970851889,90.58029708518893
1,276.85,485.54,361.66,763.3900000000001,435.06828796168605,73.40828796168603
2,851.68,473.96,650.68,1327.6399999999999,826.1391966198842,175.4591966198842
3,859.12,611.07,960.47,1473.19,953.0774334706284,7.3925665293716065
3,1317.07,476.87,787.42,1796.94,1160.0760545362348,372.6560545362348
1,388.1,827.37,741.46,1216.47,648.6208640639493,92.83913593605075
1,264.39,758.27,636.19,1023.66,546.7647797379451,89.42522026205495
5,198.21,594.83,807.48,798.0400000000001,688.485831011613,118.99416898838706
6,72.85,457.75,666.59,536.6,618.8706310607735,47.71936893922657
8,297.64,481.09,835.08,786.73,885.0576277012732,49.97762770127315
7,237.33,1262.27,1452.17,1506.6,1127.875331865022,324.2946681349781
5,195.73,1228.49,511.23,1429.22,963.3478701190276,452.11787011902754
8,276.28,1179.9,1522.6,1464.18,1177.3811111000005,345.21888889999946
8,302.24,1046.04,1353.77,1356.28,1134.0644020301938,219.70559796980615
8,266.87,252.08,880.41,526.95,767.360390984322,113.04960901567802
9,310.69,239.64,828.16,559.3299999999999,850.1818948053307,22.021894805330703
6,222.08,709.07,1031.34,937.1500000000001,814.9778294632565,216.3621705367434
8,264.94,720.67,1019.85,993.6099999999999,970.5645012703433,49.28549872965675
8,161.15,1230.37,1499.24,1399.52,1132.636705699398,366.6032943006021
9,259.96,554.74,835.54,823.7,958.1647497305063,122.62474973050632
9,97.85,518.56,850.57,625.41,848.3990955328308,2.1709044671692936
9,194.34,1054.93,1374.9,1258.27,1138.2208248058653,236.6791751941348
9,332.35,374.61,830.45,715.96,921.5922171283806,91.1422171283806
5,126.44,696.14,845.35,827.5799999999999,691.0493084715933,154.30069152840667
5,66.13,848.03,1050.25,919.16,722.3119904212662,327.93800957873384
6,135.34,1144.13,1478.11,1285.47,954.3895716579169,523.720428342083
6,233.7,346.98,648.57,586.6800000000001,663.8299469560319,15.259946956031854
9,849.0,1007.41,1785.47,1865.4099999999999,1497.065767518841,288.40423248115894
6,806.0,1760.64,1718.76,2572.6400000000003,1612.0535548838814,106.70644511611863
8,891.0,1194.36,2016.46,2093.3599999999997,1540.0948749212607,476.3651250787393
9,1182.0,1342.24,2164.15,2533.24,1836.134561084102,328.01543891589813
7,1010.0,1514.03,2063.98,2531.0299999999997,1685.638810401711,378.341189598289
8,892.0,1768.53,1902.37,2668.5299999999997,1791.034675929736,111.33532407026382
6,825.0,1692.73,1817.77,2523.73,1593.4582201930123,224.31177980698772
8,1118.0,1758.52,1852.47,2884.52,1917.7025271272748,65.2325271272748
8,1064.0,1756.52,1857.04,2828.52,1885.5217782503103,28.4817782503103
6,811.0,1252.04,1771.8,2069.04,1393.1835151965008,378.61648480349913
7,889.0,1417.96,1826.08,2313.96,1573.5940093525226,252.48599064747737
9,1012.0,1429.04,1880.76,2450.04,1775.4183306706589,105.34166932934113
6,909.0,1332.18,1720.21,2247.1800000000003,1484.947053522017,235.26294647798295
9,1096.0,1690.22,1894.85,2795.2200000000003,1938.005148044355,43.1551480443552
9,913.0,1021.29,1964.86,1943.29,1540.224551670026,424.635448329974
6,1006.0,1219.71,1803.97,2231.71,1492.145498175188,311.82450182481193
6,907.0,1650.17,1737.86,2563.17,1622.4432367241359,115.41676327586401
9,816.0,1171.81,1780.58,1996.81,1549.6173577091172,230.96264229088274
7,1006.0,1181.33,2279.82,2194.33,1538.2497649641339,741.5702350358663
6,835.0,1404.28,1765.79,2245.2799999999997,1473.4809251017325,292.30907489826745
12,528.0,2476.41,1662.88,3016.41,2140.011339673464,477.131339673464
4,69.0,2321.49,322.0,2394.49,1303.6213153865629,981.6213153865629
11,1179.0,31.36,1550.55,1221.36,1388.4803519675577,162.06964803244227
13,756.0,954.4,1793.07,1723.4,1671.388534970324,121.68146502967602
1,123.0,2076.65,1171.68,2200.65,1039.6521830665909,132.0278169334092
3,1162.0,2152.66,1434.71,3317.66,1800.8763140610527,366.1663140610526
1,822.0,2170.53,1374.91,2993.53,1485.8608157549827,110.95081575498261
11,558.0,1549.86,1823.47,2118.8599999999997,1690.5545110289308,132.91548897106918
2,753.0,1111.16,1353.87,1866.16,1046.768990201818,307.10100979818185
10,224.0,407.51,794.7,641.51,935.9570097028176,141.25700970281753
6,383.0,462.79,800.3,851.79,800.8902042278763,0.5902042278763702
8,1005.0,1391.37,1987.39,2404.37,1692.0948327669014,295.2951672330987
10,1145.0,311.43,1366.61,1466.43,1428.0492718894923,61.439271889492375
5,1004.0,2367.63,1743.85,3376.63,1928.6833931812803,184.83339318128037
5,873.0,1402.35,1676.79,2280.35,1431.8319903401946,244.95800965980538
2,165.0,1813.32,1273.45,1980.32,1012.0208632433811,261.42913675661896
5,1076.0,190.33,879.65,1271.33,1021.0424783914857,141.39247839148572
12,986.0,2390.92,1760.0,3388.92,2368.278367365612,608.2783673656122
7,948.0,657.17,1578.97,1612.17,1276.0681873077763,302.90181269222376
3,429.0,2400.13,1411.95,2832.13,1483.7964277153656,71.84642771536551
4,362.0,646.43,788.53,1012.43,743.1098306413919,45.420169358608064
2,622.0,1871.56,1494.23,2495.56,1302.3798605440163,191.8501394559837
1,140.0,255.99,150.34,396.99,255.6314426554719,105.29144265547188
8,123.0,612.55,851.24,743.55,841.1246333077777,10.115366692222324
4,87.0,2463.92,1413.52,2554.92,1376.162449873474,37.357550126525894
10,164.0,1144.9,1516.43,1318.9,1222.699749366619,293.73025063338105
1,989.0,2196.84,1439.17,3186.84,1594.1579478928368,154.9879478928367
4,470.0,1968.63,1501.1,2442.63,1382.2567860179422,118.8432139820577
1,37.0,1397.17,1092.94,1435.17,693.5110371418959,399.4289628581041
8,488.0,439.7,1030.13,935.7,977.3788785740647,52.75112142593537
12,757.0,897.4,1780.07,1666.4,1584.2747419624027,195.79525803759725
14,958.0,1727.76,2065.16,2699.76,2188.5600173421676,123.40001734216776
2,456.0,2390.7,1342.39,2848.7,1432.4995144374552,90.10951443745512
5,733.0,41.18,771.83,779.18,757.1393417139869,14.690658286013104
5,291.0,1279.7,1477.12,1575.7,1040.9139981226454,436.20600187735454
10,478.0,2091.79,1568.41,2579.79,1817.6340238565142,249.22402385651412
8,817.0,1455.73,1847.26,2280.73,1611.1576825988625,236.1023174011375
6,1043.0,1404.35,1807.42,2453.35,1594.107816400454,213.31218359954596
2,958.0,1855.58,1549.54,2815.58,1490.221489847393,59.318510152606905
9,524.0,474.75,935.4,1007.75,1076.3738733679734,140.9738733679734
6,45.0,81.59,522.58,132.59,438.70337159349,83.87662840651006
8,342.0,2259.06,1502.02,2609.06,1686.03982926156,184.01982926156006
12,379.0,1897.29,1682.98,2288.29,1801.1041953395056,118.1241953395056
6,333.0,1254.68,1585.02,1593.68,1117.1949240937358,467.82507590626415
2,634.0,1739.81,1490.51,2375.81,1251.889320256142,238.6206797438581
5,285.0,974.73,1282.84,1264.73,904.4567094499682,378.3832905500317
12,33.0,1249.13,1707.38,1294.13,1317.8743027320718,389.5056972679283
9,118.0,1285.82,1539.77,1412.82,1194.6364812575323,345.1335187424677
1,420.0,2273.6,1220.35,2694.6,1297.7275914096397,77.37759140963976
11,312.0,2072.39,1586.22,2395.39,1775.7691154655186,189.54911546551853
10,753.0,2054.02,1779.08,2817.02,1960.6071781338628,181.5271781338629
5,125.0,96.38,570.99,226.38,428.69618411727697,142.29381588272304
6,597.0,888.84,1395.65,1491.8400000000001,1110.739357820056,284.91064217994403
12,1065.0,203.2,1408.25,1280.2,1460.1524669400392,51.902466940039176
1,214.0,540.03,402.81,755.03,422.3881892503279,19.57818925032791
11,886.0,922.66,1852.24,1819.6599999999999,1607.2425951209325,244.99740487906752
10,621.0,978.73,1656.28,1609.73,1415.2074308236097,241.0725691763903
4,1000.0,2355.34,1699.56,3359.34,1858.165913615437,158.60591361543698
13,534.0,1765.96,1881.36,2312.96,1896.5462045603595,15.186204560359556
6,475.0,1800.71,1671.23,2281.71,1437.615035203543,233.61496479645712
11,623.0,2265.21,1739.18,2899.21,2040.1607496215752,300.9807496215751
1,620.0,973.91,1112.02,1594.9099999999999,846.9712462578119,265.04875374218807
13,1004.0,1757.75,1960.67,2774.75,2165.467741431222,204.79774143122177
8,962.0,1929.63,1897.19,2899.63,1901.8657343855443,4.675734385544274
14,516.0,1464.67,1842.1,1994.67,1817.5754634483646,24.524536551635265
11,685.0,2272.75,1873.94,2968.75,2079.3954715866644,205.45547158666432
3,307.0,266.21,540.97,576.21,482.59154147238945,58.378458527610576
3,375.0,1346.21,1339.93,1724.21,992.9384533928027,346.9915466071974
4,1124.0,2177.18,1567.43,3305.18,1852.375350087721,284.94535008772095
3,779.0,2110.9,1520.73,2892.9,1560.6077023770392,39.87770237703921
8,1173.0,671.25,1419.34,1852.25,1475.4998167883384,56.1598167883385
14,47.0,1667.14,1745.18,1728.14,1633.9384831576592,111.24151684234084
3,981.0,2008.83,1539.47,2992.83,1633.218918088804,93.74891808880398
5,516.0,1450.67,1547.5,1971.67,1245.9162391201762,301.5837608798238
6,471.0,332.51,872.19,809.51,795.1046977537624,77.08530224623769
2,941.0,1565.77,1432.79,2508.77,1353.9968465922905,78.7931534077095
10,377.0,301.96,837.36,688.96,978.6410912802053,141.28109128020526
7,273.0,285.83,793.58,565.8299999999999,722.7913818054234,70.78861819457666
1,458.0,834.7,737.28,1293.7,692.3443608695907,44.9356391304093
11,772.0,932.31,1575.52,1715.31,1545.3542763833868,30.16572361661315
11,36.0,1541.47,1593.24,1588.47,1384.2456491098812,208.99435089011877
12,211.0,1048.29,1579.73,1271.29,1333.5030671329619,246.22693286703816
7,987.0,2164.1,1839.67,3158.1,1955.75893955838,116.08893955837993
9,662.0,2275.59,1599.27,2946.59,1941.6198243614651,342.34982436146515
12,96.0,1164.37,1553.21,1272.37,1317.4424959061,235.76750409390002
5,569.0,1856.7,1623.81,2430.7,1453.6896817894908,170.12031821050914
12,128.0,477.17,874.99,617.1700000000001,1036.350383237218,161.360383237218
4,886.0,2401.28,1698.0,3291.28,1812.1014184684882,114.10141846848819
13,19.0,807.27,1331.53,839.27,1179.9288431909738,151.60115680902618
8,275.0,2347.09,1454.47,2630.09,1685.578319824186,231.10831982418608
9,963.0,588.5,1434.42,1560.5,1380.5011228315393,53.91887716846077
14,1056.0,2489.69,1894.16,3559.69,2577.6099895567195,683.4499895567194
5,728.0,423.16,947.72,1156.16,920.7982338940269,26.92176610597312
4,286.0,1063.49,418.17,1353.49,880.8998336800024,462.7298336800024
11,332.0,1352.48,1663.39,1695.48,1473.4567128913563,189.93328710864375
12,49.0,1118.38,1494.81,1179.38,1270.1389615053345,224.67103849466548
2,18.0,2503.46,1206.95,2523.46,1227.7190511158194,20.769051115819366
14,592.0,1268.36,1930.24,1874.36,1776.0408767124347,154.19912328756527
3,892.0,171.32,875.39,1066.32,780.3931704729392,94.99682952706075
11,741.0,1872.39,1847.08,2624.3900000000003,1937.2915005754069,90.21150057540694
14,807.0,2358.41,1819.41,3179.41,2375.9991361668604,556.5891361668603
5,873.0,1584.53,1796.7,2462.5299999999997,1511.2694161251204,285.43058387487963
3,1159.0,2209.44,1434.84,3371.44,1823.8951881508997,389.05518815089977
11,920.0,1338.65,1871.27,2269.65,1808.342963082519,62.92703691748102
1,388.0,390.7,332.06,779.7,458.15811658352965,126.09811658352965
9,576.0,1059.79,1547.5,1644.79,1361.6227107291656,185.87728927083435
9,524.0,2367.12,1640.78,2900.12,1901.5193417652722,260.73934176527223
10,459.0,2183.11,1559.59,2652.11,1846.4370110757902,286.8470110757903
4,725.0,588.9,1097.95,1317.9,928.4884121242292,169.46158787577087
1,992.0,958.87,1222.41,1951.87,1056.0951998162927,166.31480018370735
10,536.0,2194.42,1615.13,2740.42,1896.0124502826613,280.88245028266124
11,1126.0,1593.03,2143.74,2730.0299999999997,2038.699129723089,105.04087027691071
10,314.0,1098.8,1539.1,1422.8,1289.5669268301308,249.5330731698691
1,9.0,2246.28,1120.22,2256.28,1047.5212437179596,72.69875628204045
11,706.0,1508.23,2030.59,2225.23,1758.2111984478279,272.37880155217204
10,976.0,2166.02,1775.03,3152.02,2138.7366703767357,363.7066703767357
5,1028.0,653.19,1313.95,1686.19,1195.0371541447776,118.91284585522249
8,1166.0,99.47,1149.07,1273.47,1222.1234054980891,73.0534054980892
12,882.0,1958.14,1944.88,2852.1400000000003,2119.271602903552,174.39160290355176
11,448.0,732.79,1090.35,1191.79,1270.50391374412,180.15391374412002
7,623.0,1691.39,1800.86,2321.3900000000003,1538.595711939895,262.26428806010495
3,127.0,293.49,303.2,423.49,390.12441946463684,86.92441946463686
12,218.0,486.02,1005.67,716.02,1092.3904416936302,86.72044169363028
3,1166.0,530.44,785.59,1699.44,1095.8457063233798,310.25570632337974
11,17.0,550.58,830.07,578.58,941.1638160486403,111.09381604864029
9,696.0,1749.97,1649.49,2454.9700000000003,1732.1423325506069,82.65233255060684
4,305.0,125.79,664.43,434.79,483.0428974221635,181.38710257783646
12,104.0,1300.05,1779.92,1416.05,1381.2424707048965,398.67752929510357
1,303.0,931.53,857.42,1235.53,644.6984463663547,212.72155363364527
8,1012.0,2390.84,1732.12,3410.84,2131.9603901431915,399.8403901431916
9,938.0,2224.29,1913.87,3171.29,2079.2731730285554,165.40317302855556
3,471.0,288.19,535.67,762.19,587.2612578235027,51.5912578235027
5,72.0,977.67,1156.55,1054.67,782.2433417413571,374.30665825864287
10,160.0,2272.56,1642.15,2442.56,1712.0833415362117,69.93334153621163
10,965.0,1851.28,1805.77,2826.2799999999997,1995.1203380445738,189.35033804457385
3,266.0,2178.16,1447.95,2447.16,1292.5032367900176,155.44676320998246
12,734.0,2491.82,1792.31,3237.82,2266.1674753566094,473.8574753566095
12,64.0,1641.01,1710.72,1717.01,1506.722420775696,203.997579224304
9,497.0,1845.08,1674.09,2351.08,1658.2356621836477,15.8543378163522
3,781.0,1801.38,1586.21,2585.38,1426.8047621016867,159.40523789831332
3,158.0,1070.74,1183.16,1231.74,747.0085501042478,436.1514498957523
3,1096.0,200.27,802.96,1299.27,911.2936819138042,108.33368191380418
11,1116.0,2067.8,1987.44,3194.8,2239.9190484407127,252.47904844071263
10,831.0,39.86,982.64,880.86,1127.580264613759,144.94026461375904
14,124.0,1064.64,1761.68,1202.64,1415.869360277335,345.810639722665
4,10.0,1262.73,1261.41,1276.73,807.753965365431,453.6560346345691
5,955.0,106.86,897.78,1066.86,914.4917577292225,16.71175772922254
7,1176.0,2489.13,1921.16,3672.13,2207.064765822508,285.9047658225079
6,803.0,465.6,1012.0,1274.6,1045.6273695567872,33.627369556787244
9,868.0,62.12,1022.81,939.12,1095.8993018850686,73.08930188506861
1,181.0,128.05,225.12,310.05,223.61612440758455,1.5038755924154543
3,70.0,631.88,564.16,704.88,504.6273175771943,59.53268242280569
8,1090.0,419.76,1189.47,1517.76,1317.717999088861,128.24799908886098
14,1184.0,2269.89,1943.24,3467.89,2555.9819593997836,612.7419593997836
1,735.0,1676.9,1365.21,2412.9,1220.1775653036393,145.03243469636072
2,547.0,119.09,509.52,668.09,494.75185843180503,14.768141568194949
11,265.0,218.66,949.34,494.65999999999997,940.2220192663024,9.117980733697664
10,223.0,886.32,1305.54,1119.3200000000002,1144.1566345534436,161.38336544655635
12,959.0,1947.82,1833.24,2918.8199999999997,2159.415537446201,326.17553744620113
11,498.0,1578.39,1793.52,2087.3900000000003,1668.207264734326,125.31273526567406
14,127.0,988.4,1688.9,1129.4,1384.3651842565698,304.5348157434303
3,621.0,214.08,779.66,838.08,641.9150073792541,137.74499262074585
6,1193.0,2241.5,1839.47,3440.5,2046.1056686061752,206.63566860617516
4,448.0,2055.97,1497.46,2507.97,1407.584970794558,89.87502920544193
8,466.0,2064.63,1558.12,2538.63,1673.1549254246954,115.03492542469553
12,229.0,1216.16,1696.65,1457.16,1417.137011543951,279.512988456049
13,658.0,559.48,1573.12,1230.48,1442.3689153593816,130.75108464061827
13,1034.0,2477.98,1842.24,3524.98,2496.909187895568,654.6691878955678
4,842.0,2464.29,1611.66,3310.29,1814.0654104972793,202.40541049727926
13,837.0,1218.93,1921.68,2068.9300000000003,1833.696709364548,87.98329063545202
11,927.0,1306.37,1804.68,2244.37,1798.3261840135503,6.3538159864497175
4,1047.0,1657.68,1605.84,2708.6800000000003,1581.2096956561193,24.630304343880653
4,262.0,1681.28,1435.34,1947.28,1136.3648618973218,298.9751381026781
7,1126.0,1103.75,2014.72,2236.75,1573.9967552089224,440.7232447910776
5,781.0,672.91,1125.36,1458.9099999999999,1060.427638240429,64.932361759571
5,831.0,591.65,1090.31,1427.65,1053.9846918159008,36.325308184099185
7,1089.0,1026.25,2132.85,2122.25,1518.7515617975598,614.0984382024401
1,793.0,2171.07,1421.36,2965.07,1469.2823595628627,47.922359562862766
9,368.0,495.12,847.33,872.12,994.8086935210736,147.47869352107352
6,818.0,1130.38,1704.06,1954.38,1344.193648430438,359.86635156956186
11,667.0,1915.95,1732.2,2593.95,1913.3808440406108,181.18084404061074
2,267.0,2116.93,1349.04,2385.93,1203.5450025093426,145.4949974906574
10,1083.0,2105.36,1844.58,3198.36,2174.3241526731695,329.74415267316954
13,529.0,1767.79,2015.18,2309.79,1894.4452031618532,120.73479683814685
9,1155.0,1346.4,2248.12,2510.4,1822.2941433755034,425.8258566244965
7,1185.0,1768.01,2072.18,2960.01,1897.8470645441764,174.33293545582342
5,763.0,1420.94,1777.14,2188.94,1376.1610133838008,400.97898661619934
7,368.0,1231.69,1550.04,1606.69,1190.3024758239146,359.73752417608534
6,659.0,322.1,972.58,987.1,899.5661048166129,73.01389518338715
14,1138.0,518.18,1696.86,1670.1799999999998,1765.4992630434226,68.63926304342272
6,172.0,1977.78,1603.89,2155.7799999999997,1339.1478653242027,264.7421346757974
6,628.0,311.47,903.3,945.47,876.9575222900758,26.342477709924196
2,500.0,1246.48,1264.53,1748.48,959.0867402540943,305.4432597459057
8,7.0,2075.6,1422.12,2090.6,1411.8145463532192,10.305453646780734
5,942.0,2092.87,1696.72,3039.87,1772.9305632007788,76.21056320077878
12,81.0,2485.34,1589.65,2578.34,1884.7389256306287,295.08892563062864
4,166.0,791.52,866.18,961.52,692.7357165106296,173.44428348937038
3,213.0,1724.85,1344.71,1940.85,1064.1139115259548,280.59608847404525
11,1004.0,167.15,1175.65,1182.15,1346.2266781752433,170.57667817524316
5,116.0,478.1,624.04,599.1,589.9225454493804,34.11745455061953
13,112.0,2299.56,1807.67,2424.56,1884.5446699027927,76.87466990279268
1,43.0,2149.22,1134.47,2193.22,1024.9122511627154,109.55774883728463
2,660.0,1944.4,1531.2,2606.4,1356.172906522266,175.02709347773407
10,888.0,298.68,1171.54,1196.68,1273.483695697686,101.94369569768605
10,860.0,2380.76,1759.97,3250.76,2165.1158304219543,405.1458304219543
10,1187.0,1981.09,2013.21,3178.09,2180.4358790767556,167.22587907675552
12,1139.0,124.65,1314.3,1275.65,1468.806149447969,154.50614944796894
5,966.0,359.51,927.98,1330.51,1031.034482821369,103.05448282136899
10,796.0,1352.08,2000.19,2158.08,1679.4655560603037,320.72444393969636
9,72.0,1281.32,1515.54,1362.32,1166.0039589360827,349.5360410639173
10,215.0,2440.91,1638.66,2665.91,1817.378822898167,178.718822898167
7,671.0,1297.02,1703.2,1975.02,1394.4652874326762,308.73471256732387
5,230.0,333.69,538.36,568.69,593.0503663343814,54.69036633438134
5,467.0,1243.31,1549.82,1715.31,1127.089651867835,422.73034813216486
13,247.0,2339.61,1705.9,2599.61,1980.2796784096276,274.37967840962756
14,777.0,1248.61,1837.25,2039.61,1874.6903169775524,37.44031697755236
11,740.0,1171.99,902.09,1922.99,1631.31060692871,729.22060692871
6,884.0,1798.31,1897.87,2688.31,1673.702749324499,224.16725067550078
5,789.0,1853.31,1792.88,2647.31,1579.765363978009,213.11463602199115
4,825.0,874.99,784.52,1703.99,1111.2135829560136,326.69358295601364
2,301.0,769.23,731.28,1072.23,635.6092881204202,95.67071187957981
12,1007.0,1353.77,1925.32,2372.77,1928.2170199499935,2.8970199499935916
5,865.0,644.79,1202.46,1514.79,1096.8686257778147,105.59137422218532
14,81.0,1251.97,1682.62,1346.97,1472.6214023575872,209.99859764241273
8,1159.0,2175.27,1752.18,3342.27,2123.192815701164,371.01281570116385
11,496.0,373.98,1152.99,880.98,1141.8790049955571,11.110995004442884
1,752.0,1632.35,1362.39,2385.35,1210.608500767284,151.781499232716
5,1014.0,1853.57,1749.31,2872.5699999999997,1710.33153649522,38.97846350477994
9,686.0,145.66,972.95,840.66,1026.8041043754683,53.854104375468296
5,654.0,1272.89,1724.68,1931.89,1248.4084333534868,476.2715666465133
8,621.0,2391.34,1593.12,3020.34,1905.4804277912942,312.36042779129434
9,1080.0,539.51,1306.91,1628.51,1426.975072395744,120.06507239574398
10,714.0,269.06,1067.81,993.06,1159.6847457263655,91.87474572636552
10,816.0,1425.64,1872.81,2251.6400000000003,1723.1363252808778,149.67367471912212
14,1122.0,1766.25,2239.35,2902.25,2300.428723152657,61.07872315265695
4,1202.0,1074.87,1501.24,2280.87,1416.9498017118954,84.29019828810465
5,651.0,1573.3,1682.08,2229.3,1377.6592760676695,304.4207239323305
14,1100.0,237.69,1265.57,1351.69,1621.162900212391,355.592900212391
14,296.0,485.68,924.9,795.6800000000001,1263.1446470925648,338.24464709256483
1,697.0,2148.5,1421.07,2846.5,1403.7811166156791,17.288883384320798
6,1044.0,47.46,1133.45,1097.46,1003.0318339187622,130.4181660812378
12,398.0,2481.44,1755.18,2891.44,2066.8318810532837,311.65188105328366
3,139.0,2428.89,1345.66,2570.89,1328.197716416275,17.46228358372514
6,84.0,852.7,1109.32,942.7,797.5485500101706,311.7714499898293
2,423.0,1639.17,1367.64,2064.17,1085.670703929592,281.96929607040806
11,815.0,2385.6,1872.44,3211.6,2203.975104493413,331.53510449341275
6,577.0,897.74,1257.31,1480.74,1103.024292465027,154.28570753497297
8,200.0,1508.89,1461.33,1716.89,1276.606895121043,184.72310487895697
9,1102.0,540.6,1455.85,1651.6,1440.2057390965733,15.644260903426584
12,508.0,1970.54,1770.91,2490.54,1907.8369282249769,136.9269282249768
13,1024.0,1712.85,2097.69,2749.85,2157.485434252178,59.795434252177984
7,1161.0,1499.97,1862.45,2667.9700000000003,1767.056439654345,95.39356034565503
2,730.0,285.24,624.78,1017.24,673.3012058427739,48.52120584277395
13,996.0,1809.2,1956.89,2818.2,2183.263581140786,226.37358114078575
5,1160.0,1901.83,1673.89,3066.83,1816.0241105878492,142.13411058784914
2,1139.0,306.43,726.14,1447.43,919.675059354807,193.535059354807
14,191.0,2442.76,1798.47,2647.76,2055.6281680711086,257.15816807110855
7,776.0,2447.82,1826.93,3230.82,1957.1359373206108,130.2059373206107
14,414.0,1919.7,1918.89,2347.7,1956.8472880504241,37.95728805042404
7,847.0,1994.62,1851.7,2848.62,1800.688565241307,51.011434758692985
6,924.0,1227.21,1871.76,2157.21,1447.8729849483816,423.8870150516184
2,933.0,1589.58,1489.99,2524.58,1359.7405925006947,130.24940749930533
1,211.0,958.08,891.9,1170.08,602.934557100852,288.965442899148
10,773.0,865.92,1837.11,1648.92,1454.1460853728283,382.96391462717156
3,196.0,1211.68,1229.87,1410.68,830.4957924594512,399.3742075405487
14,49.0,954.02,1480.87,1017.02,1324.1505552503163,156.7194447496836
5,477.0,655.24,935.38,1137.24,876.4666134804777,58.913386519522305
5,828.0,1606.84,1690.82,2439.84,1494.9068661940928,195.91313380590714
11,458.0,1364.29,1649.04,1833.29,1551.6598926172844,97.38010738271555
3,289.0,1245.67,1279.31,1537.67,899.2372201035503,380.0727798964497
1,1060.0,501.67,658.14,1562.67,896.1643045318104,238.02430453181046
5,1085.0,2486.43,1664.83,3576.43,2027.4477314813269,362.6177314813269
4,675.0,381.48,779.68,1060.48,809.0558723505337,29.37587235053377
8,415.0,1214.97,1473.75,1637.97,1273.101469409349,200.64853059065103
6,425.0,709.75,1114.9,1140.75,932.9253696311137,181.97463036888644
7,313.0,2408.02,1637.65,2728.02,1671.3387416596422,33.68874165964212
13,235.0,426.07,897.26,674.0699999999999,1138.9458000804705,241.68580008047047
7,635.0,1406.31,1630.66,2048.31,1421.2474458006502,209.41255419934987
10,1009.0,2164.22,1889.87,3183.22,2157.084879465354,267.214879465354
3,692.0,450.7,748.57,1145.7,786.2554553403362,37.68545534033615
2,91.0,1073.76,1013.78,1166.76,646.6400295173944,367.1399704826056
8,1187.0,1045.91,2047.06,2240.91,1646.9829243286051,400.0770756713948
14,600.0,1120.05,1847.84,1734.05,1716.0103841236967,131.82961587630325
5,210.0,710.49,483.34,925.49,745.7537275150544,262.4137275150544
12,10.0,1203.1,1564.9,1225.1,1284.4682924174108,280.4317075825893
1,452.0,275.05,282.89,728.05,444.83688228086965,161.94688228086966
4,256.0,2218.74,1476.03,2478.74,1367.2391716657194,108.7908283342806
8,312.0,2383.17,1557.27,2703.17,1722.7628140588463,165.4928140588463
2,1175.0,816.2,1237.62,1993.2,1162.8266632352475,74.79333676475244
11,960.0,383.64,1248.46,1354.6399999999999,1415.1138017742967,166.65380177429665
6,690.0,1009.37,1559.83,1705.37,1217.2155248835616,342.61447511643837
14,487.0,579.29,1516.68,1080.29,1414.7021107177586,101.97788928224145
8,75.0,315.71,593.83,398.71,683.8611447795453,90.03114477954523
13,360.0,271.93,1017.64,644.9300000000001,1144.2086625717861,126.56866257178615
11,708.0,1871.77,1916.37,2590.77,1917.8880792219986,1.5180792219987325
3,182.0,347.82,384.77,532.8199999999999,445.7028337061771,60.93283370617712
10,683.0,2442.92,1643.68,3135.92,2089.597088948607,445.917088948607
5,392.0,1264.6,1465.72,1661.6,1092.8886360344136,372.83136396558643
10,175.0,1443.25,1635.5,1628.25,1359.1694168145186,276.3305831854814
7,577.0,1959.13,1603.6,2543.13,1628.6702090261092,25.070209026109296
13,799.0,951.92,1793.36,1763.92,1695.2381404712746,98.12185952872528
13,608.0,370.89,1170.54,991.89,1331.1469734972582,160.6069734972582
7,194.0,202.49,686.23,403.49,640.6485359190334,45.58146408096661
13,889.0,232.72,1394.38,1134.72,1433.8206413323678,39.440641332367704
7,901.0,136.8,1222.6,1044.8,1021.9168867205296,200.68311327947026
1,698.0,1525.82,1398.75,2224.8199999999997,1132.8486865851362,265.9013134148638
9,592.0,793.55,1235.69,1394.55,1254.8085638179425,19.11856381794246
14,1015.0,871.76,1846.41,1900.76,1848.3594248584639,1.9494248584637717
9,524.0,136.46,848.89,669.46,928.866535741546,79.97653574154606
5,781.0,2114.27,1789.85,2900.27,1688.915551454616,100.93444854538393
3,200.0,58.24,494.63,261.24,329.87113740295894,164.75886259704106
5,503.0,2335.55,1649.42,2843.55,1624.220382968309,25.199617031691105
11,667.0,2221.67,1872.89,2899.67,2046.686419904962,173.7964199049618
7,336.0,1843.58,1691.68,2186.58,1438.5565572277687,253.12344277223133
4,217.0,1506.46,1455.37,1727.46,1034.046116198469,421.3238838015309
8,207.0,1146.93,1479.01,1361.93,1122.8370666900464,356.1729333099536
7,690.0,1807.71,1710.98,2504.71,1628.1616124144277,82.81838758557228
2,251.0,1916.43,1285.2,2169.4300000000003,1106.842714516316,178.3572854836841
4,627.0,956.98,1337.63,1587.98,1032.1658826104344,305.4641173895657
1,432.0,581.71,448.34,1014.71,566.9565293076581,118.61652930765814
4,1194.0,2250.51,1691.15,3448.51,1924.9353422292088,233.7853422292087
10,64.0,455.9,774.64,529.9,864.2904572097472,89.65045720974717
8,15.0,377.85,657.8,400.85,676.1691398980008,18.369139898000867
11,741.0,1207.39,1878.06,1959.39,1647.3261468210123,230.7338531789876
8,638.0,1007.48,1483.06,1653.48,1311.9211407935882,171.13885920641178
12,965.0,1700.28,1879.09,2677.2799999999997,2054.9574011522004,175.8674011522005
8,1182.0,990.07,1840.75,2180.07,1619.7356042067668,221.01439579323323
13,1062.0,869.28,2090.54,1944.28,1811.688781231834,278.85121876816606
1,754.0,1220.47,1346.14,1975.47,1032.172697920052,313.967302079948
14,767.0,186.47,1292.77,967.47,1405.758879546805,112.98887954680504
11,775.0,1752.23,1809.29,2538.23,1904.6100273107998,95.32002731079979
8,592.0,1402.98,1561.41,2002.98,1457.7038688507216,103.70613114927846
6,957.0,727.75,1448.72,1690.75,1249.222460278485,199.49753972151507
9,800.0,2167.72,1726.51,2976.72,1974.5954439796924,248.0854439796924
6,1198.0,222.6,1107.96,1426.6,1168.6872473018589,60.727247301858824
3,1092.0,1737.65,1462.01,2832.65,1579.3308150461796,117.32081504617963
12,958.0,2499.84,1791.69,3469.84,2399.5375134973674,607.8475134973673
11,955.0,1282.19,2000.42,2248.19,1804.0169086744986,196.40309132550146
11,605.0,1880.69,1711.55,2496.69,1862.059145224286,150.50914522428616
7,670.0,1558.02,1702.81,2235.02,1507.691448070904,195.11855192909593
11,844.0,1962.77,1787.57,2817.77,2036.419020479603,248.84902047960304
3,718.0,1158.02,1416.98,1879.02,1109.7484886635232,307.23151133647684
6,323.0,1477.23,1608.55,1806.23,1208.437306685144,400.11269331485596
14,616.0,2374.41,1828.37,3004.41,2272.235811526658,443.86581152665804
8,752.0,1519.78,1662.92,2279.7799999999997,1601.3995593688876,61.52044063111248
1,1166.0,1423.69,1412.13,2590.69,1359.6579421995118,52.4720578004883
3,1187.0,1632.14,1451.85,2822.1400000000003,1588.404504588343,136.55450458834298
3,1013.0,166.52,711.07,1182.52,848.4548057579085,137.38480575790845
5,741.0,429.24,951.92,1175.24,930.9866187391505,20.9333812608495
14,467.0,2176.26,1809.83,2657.26,2099.4461120345213,289.6161120345214
3,224.0,358.77,406.36,585.77,474.82864100479094,68.46864100479092
3,712.0,512.23,751.16,1227.23,824.6806859057742,73.52068590577426
12,218.0,901.03,1371.86,1131.03,1273.3506243426698,98.50937565733011
6,373.0,587.38,956.61,966.38,849.4182920015692,107.19170799843084
8,562.0,2479.33,1478.31,3049.33,1909.639798699263,431.32979869926316
5,132.0,2387.03,1454.05,2524.03,1431.5654489531148,22.484551046885144
3,98.0,871.46,866.05,972.46,625.3274583377802,240.72254166221978
14,545.0,1206.76,1977.89,1765.76,1721.9307871656447,255.9592128343554
1,869.0,1498.88,1398.94,2368.88,1220.2459494515322,178.69405054846789
2,875.0,393.25,640.56,1270.25,804.4672677269061,163.90726772690618
8,888.0,2296.07,1718.71,3192.07,2018.7430679563404,300.03306795634035
1,716.0,1396.41,1376.59,2113.41,1086.8572169147624,289.73278308523754
8,1025.0,1031.33,2214.64,2064.33,1546.699470577091,667.9405294229089
9,1064.0,2016.76,1810.94,3089.76,2061.8357502093872,250.8957502093872
4,463.0,1963.41,1607.34,2430.41,1375.9221353639182,231.41786463608173
1,678.0,1478.57,1370.31,2157.5699999999997,1100.6500804582136,269.6599195417864
1,436.0,1358.14,1154.03,1795.14,907.828772371457,246.20122762854294
5,586.0,2135.36,1661.61,2726.36,1585.0524999402903,76.55750005970958
1,797.0,126.8,543.18,924.8,580.221860769487,37.041860769487016
14,481.0,939.99,877.17,1434.99,1568.5023213438603,691.3323213438604
7,172.0,1486.86,1557.94,1665.86,1187.9274385973383,370.01256140266173
10,1192.0,23.47,1157.87,1225.47,1329.7378741304383,171.8678741304384
7,981.0,658.85,1351.69,1646.85,1295.933809074688,55.75619092531201
10,692.0,1671.71,1701.23,2373.71,1758.5382379416174,57.308237941617335
13,710.0,2223.86,1979.83,2946.86,2198.251143579624,218.4211435796242
12,380.0,1526.79,1787.41,1918.79,1640.1318599101403,147.2781400898598
3,133.0,1728.5,1373.4,1864.5,1019.3222319818494,354.07776801815066
4,730.0,799.25,1250.66,1533.25,1023.1079830860548,227.5520169139453
12,1070.0,1055.51,2030.76,2137.51,1834.6910732344531,196.06892676554685
8,1185.0,554.98,1545.67,1747.98,1431.7591466901154,113.91085330988471
11,456.0,2223.72,1600.1,2690.72,1925.2445587318537,325.14455873185375
12,85.0,1056.43,1466.31,1153.43,1263.9988480196657,202.31115198033422
2,543.0,103.37,544.12,648.37,485.5781781567362,58.54182184326379
6,367.0,1947.68,1606.76,2320.6800000000003,1439.0822133237507,167.6777866762493
1,481.0,1792.17,1215.84,2274.17,1123.1729606968913,92.6670393031086
5,233.0,1862.04,1562.23,2100.04,1261.2086068260435,301.02139317395654
1,45.0,1070.22,922.69,1116.22,555.5866937340825,367.1033062659176
5,152.0,2444.81,1523.75,2601.81,1468.3555365462537,55.39446345374631
7,344.0,1242.05,1514.4,1593.05,1180.9048651975768,333.4951348024233
5,320.0,1584.55,1584.73,1909.55,1190.654137597554,394.0758624024461
9,989.0,378.12,1193.72,1376.12,1303.8419679736617,110.12196797366164
10,57.0,936.89,1237.07,1003.89,1069.9619037721507,167.10809622784927
12,342.0,2253.61,1659.5,2607.61,1935.0210617262355,275.52106172623553
2,983.0,2109.93,1519.98,3094.93,1615.622543026815,95.64254302681502
10,886.0,1990.03,1749.93,2886.0299999999997,2009.8171995496327,259.88719954963267
10,5.0,836.86,1116.56,851.86,996.1959178762501,120.36408212374988
3,80.0,517.54,457.49,600.54,460.56862059445245,3.0786205944524454
8,482.0,1411.49,631.81,1901.49,1397.6376275847877,765.8276275847877
4,11.0,312.01,426.22,327.01,393.78358849941185,32.43641150058818
12,1075.0,2328.11,1798.38,3415.11,2392.492143482904,594.1121434829038
13,632.0,268.91,1396.28,913.9100000000001,1300.594771024381,95.68522897561888
8,323.0,46.48,703.45,377.48,710.2545781127907,6.804578112790637
11,527.0,1550.32,1806.06,2088.3199999999997,1672.78159131914,133.2784086808599
5,948.0,898.6,1499.68,1851.6,1255.662051929488,244.01794807051215
5,504.0,1502.63,1628.66,2011.63,1261.6152973387827,367.04470266121734
10,793.0,1422.29,2007.62,2225.29,1708.3404221816115,299.27957781838836
13,32.0,232.43,805.12,277.43,936.813959911281,131.693959911281
9,768.0,1815.6,1666.18,2592.6,1802.5044115899016,136.3244115899015
9,994.0,1742.62,1849.58,2745.62,1901.7149419965917,52.134941996591806
1,1105.0,1432.3,1387.17,2538.3,1328.0450262022557,59.12497379774436
12,178.0,507.59,907.19,697.5899999999999,1078.6041747183904,171.4141747183903
10,472.0,431.95,924.65,913.95,1090.4017594827594,165.75175948275944
5,716.0,1111.23,1492.08,1832.23,1213.865504408435,278.21449559156486
3,771.0,725.67,1166.93,1499.67,951.956287301846,214.97371269815403
13,1054.0,1131.25,2162.03,2198.25,1921.2793672156467,240.75063278435346
10,872.0,2191.27,1776.62,3073.27,2089.4484487419313,312.8284487419314
12,1077.0,32.55,1387.43,1121.55,1392.7000435528475,5.270043552847483
12,211.0,749.56,1285.23,972.56,1203.2453977689763,81.9846022310237
4,199.0,1310.01,1400.57,1513.01,937.9502021479302,462.6197978520697
2,1029.0,1702.6,1577.55,2733.6,1464.681483939735,112.86851606026494
10,643.0,2263.77,1685.92,2916.77,1988.2892493333939,302.3692493333938
10,797.0,1706.73,1724.42,2513.73,1834.6862676610128,110.26626766101276
12,657.0,322.5,1113.16,991.5,1275.6173999760217,162.45739997602163
8,177.0,486.06,751.58,671.06,817.2788433818819,65.69884338188183
2,222.0,456.24,437.4,680.24,453.33028661042607,15.930286610426094
3,555.0,2342.76,1458.63,2900.76,1531.8344898883176,73.20448988831754
2,785.0,1964.63,1522.76,2751.63,1437.4677370348656,85.29226296513434
5,104.0,281.67,464.68,390.67,497.3140935641461,32.6340935641461
1,673.0,2026.16,1372.83,2700.16,1336.5212466762466,36.30875332375331
10,877.0,1711.12,1897.37,2598.12,1882.9836937377274,14.386306262272456
1,250.0,1300.17,1145.33,1551.17,774.7106587239831,370.6193412760168
1,467.0,296.49,221.23,764.49,462.882393208126,241.65239320812603
10,1026.0,828.82,1865.67,1864.8200000000002,1584.6560000510133,281.0139999489868
11,1106.0,2250.54,2050.62,3367.54,2313.8027532381925,263.1827532381926
12,452.0,816.56,1243.1,1280.56,1372.189398552616,129.0893985526161
14,865.0,2497.16,1885.87,3376.16,2470.1272597021934,584.2572597021936
8,107.0,2450.89,1468.19,2565.89,1633.4343180194276,165.2443180194275
8,80.0,1092.18,1365.73,1180.18,1025.3306196021797,340.3993803978203
8,945.0,766.98,1625.53,1719.98,1385.049573279335,240.48042672066504
13,1140.0,1607.8,2214.64,2760.8,2178.935296242027,35.704703757972766
2,636.0,1438.19,1435.96,2076.19,1121.5310811757665,314.4289188242335
14,865.0,1422.11,1921.18,2301.1099999999997,2001.3644724034536,80.18447240345358
12,482.0,1710.47,1746.74,2204.4700000000003,1779.3619467313433,32.621946731343314
2,68.0,756.61,648.53,826.61,495.01536249612985,153.51463750387012
14,512.0,526.84,1306.64,1052.8400000000001,1406.3266668568074,99.68666685680728
14,1001.0,1647.24,2080.0,2662.24,2178.3812074942566,98.38120749425661
1,547.0,573.6,616.27,1121.6,630.0961369929588,13.826136992958823
10,5.0,1338.9,1610.25,1353.9,1215.10449862641,395.1455013735899
3,1158.0,1107.4,1361.3,2268.4,1342.7839415990675,18.51605840093248
1,993.0,1143.58,1328.85,2137.58,1137.2155922936608,191.63440770633906
6,378.0,837.63,1215.96,1221.63,961.4357841886584,254.5242158113416
11,1156.0,2231.86,1988.56,3398.86,2334.6470727353935,346.0870727353936
5,1050.0,882.86,1430.04,1937.8600000000001,1307.9374156744482,122.10258432555179
8,836.0,735.52,1606.63,1579.52,1308.1346783531185,298.4953216468816
11,654.0,1516.42,1870.43,2181.42,1731.6332585418531,138.79674145814693
8,633.0,1308.36,1639.12,1949.36,1440.2173409593702,198.90265904062971
12,713.0,1642.01,1873.19,2367.01,1883.4423206362997,10.2523206362996
5,96.0,1105.47,1312.16,1206.47,851.8839798484574,460.27602015154264
7,1054.0,576.47,1344.18,1637.47,1302.3376753264452,41.84232467355491
12,495.0,1948.13,1831.92,2455.13,1890.5280407831476,58.608040783147544
1,1068.0,2011.28,1421.45,3080.2799999999997,1559.050141712224,137.60014171222406
7,1000.0,1620.46,1971.23,2627.46,1726.2484458082165,244.98155419178352
13,855.0,1798.75,1951.77,2666.75,2096.956559759181,145.1865597591809
8,544.0,1279.51,1483.77,1831.51,1376.0363102178267,107.73368978217331
11,816.0,544.99,1077.12,1371.99,1401.9787597289,324.85875972890017
5,1080.0,2383.82,1664.76,3468.82,1979.806908208973,315.04690820897304
8,1124.0,1908.69,1833.27,3040.69,1986.6611139034403,153.39111390344033
3,29.0,1632.85,1269.1,1664.85,917.3170009201181,351.78299907988185
6,470.0,2235.72,1628.6,2711.72,1624.3970292025235,4.202970797476382
7,287.0,2293.5,1558.09,2587.5,1606.3291093975158,48.239109397515904
4,72.0,1367.29,1302.97,1443.29,889.2931063098453,413.67689369015477
6,344.0,233.31,800.18,583.31,678.2163559675757,121.96364403242421
8,801.0,1241.21,1780.65,2050.21,1508.3421400800662,272.3078599199339
5,629.0,484.34,1029.87,1118.34,890.0758132934666,139.7941867065333
11,327.0,961.08,1356.46,1299.08,1299.8924392269246,56.567560773075456
14,94.0,105.94,1180.63,213.94,980.445901918537,200.18409808146316
4,1113.0,2103.82,1695.08,3220.82,1814.009900596515,118.92990059651515
14,267.0,2090.21,1968.4,2371.21,1945.9669845373041,22.43301546269595
1,979.0,1292.54,1313.53,2272.54,1194.0507682614784,119.47923173852155
10,625.0,519.94,1229.41,1154.94,1217.4766599558245,11.933340044175566
14,457.0,848.61,1492.64,1319.6100000000001,1514.7421917837298,22.102191783729722
11,398.0,723.39,1154.77,1132.3899999999999,1237.415643670342,82.645643670342
14,68.0,438.96,866.76,520.96,1110.5807725424881,243.82077254248816
3,769.0,2497.93,1587.8,3269.93,1723.5696359241206,135.76963592412062
13,694.0,1054.31,1815.02,1761.31,1679.006109638182,136.01389036181808
12,1088.0,1977.91,1883.21,3077.91,2247.328864815823,364.11886481582314
9,101.0,950.23,1281.64,1060.23,1038.450012596601,243.18998740339907
1,170.0,2452.85,1209.08,2623.85,1230.9398670361365,21.85986703613662
12,1135.0,475.95,1447.39,1622.95,1619.667182157769,172.27718215776895
3,1109.0,2092.26,1436.66,3204.26,1743.8107288626127,307.1507288626126
7,753.0,358.13,1084.79,1118.13,1032.616250534211,52.17374946578889
2,521.0,467.19,667.85,990.19,631.4621839950289,36.387816004971114
12,1003.0,983.23,1996.18,1998.23,1764.3282918266025,231.85170817339758
3,269.0,708.05,799.12,980.05,653.2185981562628,145.90140184373718
14,646.0,2418.19,1931.21,3078.19,2308.7192676945224,377.50926769452235
14,1153.0,346.58,1292.93,1513.58,1699.3719741379748,406.44197413797474
4,18.0,289.06,380.88,311.06,387.835045145524,6.955045145524025
13,1167.0,1074.36,2197.33,2254.3599999999997,1961.989454649684,235.340545350316
1,1113.0,1536.0,1403.6,2650.0,1377.9005017332845,25.69949826671541
6,930.0,1907.95,1788.75,2843.95,1748.1803202079593,40.56967979204069
5,714.0,617.72,1164.2,1336.72,997.5167484050031,166.68325159499693
7,256.0,2180.53,1548.87,2443.53,1539.096385061618,9.773614938381797
9,1063.0,2497.79,1761.94,3569.79,2271.0033796996145,509.0633796996144
11,512.0,2016.19,1710.53,2539.19,1867.2218195468522,156.69181954685223
9,463.0,1024.53,1476.48,1496.53,1280.7317099891623,195.74829001083776
12,714.0,2003.23,1829.06,2729.23,2041.527802724477,212.467802724477
9,1165.0,1868.79,1945.95,3042.79,2055.87400232665,109.92400232665
1,872.0,2420.07,1456.34,3293.07,1623.6592813935429,167.31928139354295
10,631.0,1220.71,1730.86,1861.71,1526.5178388781098,204.34216112189006
9,633.0,888.17,1384.78,1530.17,1319.837890880699,64.942109119301
4,1065.0,119.34,781.82,1188.34,920.8710291960019,139.05102919600188
12,947.0,193.05,1225.63,1152.05,1387.311432373563,161.68143237356298
4,159.0,568.58,647.0,731.58,591.4668450755428,55.53315492445722
1,292.0,449.83,363.02,742.8299999999999,428.281188526172,65.26118852617202
1,1115.0,926.13,1192.88,2042.13,1113.1335103299134,79.7464896700867
7,1168.0,667.94,1639.55,1842.94,1408.3181693596966,231.23183064030331
4,348.0,2047.08,1507.04,2399.08,1345.729568475132,161.3104315248679
8,77.0,1930.98,1485.69,2015.98,1389.340028944676,96.34997105532398
7,1033.0,1013.03,2119.83,2053.0299999999997,1480.5188846798808,639.3111153201191
4,672.0,1603.52,1612.43,2279.52,1340.1725330807506,272.2574669192495
4,1191.0,999.45,1478.93,2194.45,1377.6861136812397,101.24388631876036
8,392.0,661.27,978.13,1061.27,1018.3319836954496,40.2019836954496
7,951.0,584.4,1253.76,1542.4,1246.0770635840454,7.6829364159546
5,778.0,2423.47,1643.96,3206.47,1821.9991692958677,178.03916929586762
11,958.0,1999.13,1900.18,2968.13,2118.369453391945,218.1894533919451
3,186.0,1068.31,1152.04,1257.31,762.1831040045313,389.8568959954687
5,1116.0,2460.46,1711.97,3581.46,2034.0973185982239,322.12731859822384
13,63.0,107.92,710.25,183.92000000000002,900.4963500974137,190.2463500974137
6,170.0,476.99,600.23,652.99,683.5866258174224,83.35662581742235
3,870.0,413.23,795.8,1286.23,873.1197683770993,77.31976837709931
12,852.0,1957.9,1944.89,2821.9,2101.7732467393957,156.88324673939564
6,420.0,386.77,929.16,812.77,789.1948245439385,139.9651754560615
6,668.0,1922.45,1796.98,2596.45,1602.597831779206,194.38216822079403
8,795.0,1645.99,644.69,2448.99,1681.3629112978879,1036.6729112978878
4,420.0,927.74,1238.04,1351.74,899.3995494116522,338.6404505883478
12,1074.0,2407.71,1843.97,3493.71,2426.620988074444,582.6509880744441
12,916.0,2394.85,1740.85,3322.85,2329.4066808347484,588.5566808347485
4,1075.0,586.17,1023.65,1665.17,1130.2246098695632,106.57460986956323
5,1143.0,1217.72,1745.09,2365.7200000000003,1507.869634272058,237.22036572794195
2,719.0,591.44,755.3,1312.44,800.4383874358057,45.138387435805726
4,197.0,1858.84,1416.33,2059.84,1176.1014263435295,240.22857365647042
6,248.0,395.4,710.15,649.4,693.2339133576654,16.916086642334562
10,834.0,1820.8,1883.49,2664.8,1905.8773753382372,22.387375338237234
1,1112.0,2011.44,1423.85,3124.44,1584.630678099471,160.78067809947106
12,1189.0,1453.16,2162.13,2654.16,2077.076671838979,85.053328161021
14,269.0,1349.61,1832.34,1632.61,1624.1967289289526,208.14327107104737
7,671.0,1262.85,1600.42,1940.85,1379.5658646690856,220.85413533091446
9,52.0,350.58,601.81,411.58,748.5700289167238,146.76002891672385
14,976.0,1526.58,1995.87,2516.58,2111.274091372616,115.40409137261622
2,370.0,1554.5,1311.23,1926.5,1018.0224734144315,293.20752658556853
4,1180.0,1948.55,1565.16,3132.55,1785.1522064452492,219.99220644524917
5,36.0,2022.94,1410.58,2063.94,1217.1484652326972,193.43153476730276
5,691.0,1030.64,1465.26,1726.64,1164.2304359934694,301.02956400653056
8,52.0,2353.5,1485.05,2413.5,1559.080102074633,74.03010207463308
11,24.0,2029.04,1569.37,2064.04,1589.8872753720243,20.517275372024415
8,221.0,936.98,1287.0,1165.98,1039.4079254207543,247.59207457924572
1,85.0,89.83,175.53,175.82999999999998,151.29088478933915,24.239115210660856
7,803.0,12.75,1146.78,822.75,911.0069142847045,235.77308571529545
12,893.0,910.41,1862.13,1815.4099999999999,1668.7990697774428,193.3309302225573
14,113.0,1091.13,1703.02,1218.13,1421.0423176618829,281.9776823381171
5,516.0,1878.49,669.85,2399.49,1432.46207016259,762.6120701625899
14,904.0,2005.96,1970.01,2923.96,2278.5571513554005,308.5471513554005
1,1058.0,1601.04,1465.9,2660.04,1374.3719585859728,91.52804141402726
14,555.0,313.73,1201.26,882.73,1338.3335618896554,137.07356188965537
7,738.0,730.28,1429.72,1475.28,1186.1909855982212,243.5290144017788
8,792.0,2437.24,1556.7,3237.24,2024.63870775163,467.93870775162986
5,831.0,432.8,901.36,1268.8,984.720035509306,83.36003550930593
7,709.0,320.8,1116.62,1036.8,990.8281770055345,125.7918229944654
9,1078.0,161.85,1260.96,1248.85,1261.1413332832094,0.18133328320936926
2,616.0,968.93,1163.1,1586.9299999999998,905.3200255181789,257.779974481821
2,570.0,2297.12,1423.86,2869.12,1457.7911532643147,33.931153264314844
9,13.0,986.41,1271.52,1008.41,1003.204331419153,268.31566858084693
7,381.0,2106.96,1705.27,2494.96,1579.49083936044,125.7791606395599
9,460.0,2424.47,1624.68,2893.47,1889.419553325254,264.73955332525384
4,425.0,1286.54,1449.26,1715.54,1058.7489801702295,390.5110198297705
11,437.0,1053.24,1630.47,1501.24,1403.8546386318885,226.6153613681115
9,1000.0,1901.79,1778.65,2910.79,1974.5978719062753,195.94787190627517
1,553.0,1687.11,1295.34,2241.1099999999997,1119.1076920183853,176.23230798161467
10,5.0,1094.06,1361.08,1109.06,1108.3449238696792,252.73507613032075
12,931.0,864.21,1663.58,1807.21,1670.6861372430262,7.106137243026296
6,436.0,914.53,1389.11,1356.53,1028.5949496342032,360.5150503657967
3,1074.0,247.32,636.02,1324.32,919.0538905960374,283.0338905960374
9,896.0,1398.54,1727.1,2303.54,1694.8635007087676,32.23649929123235
1,462.0,2047.57,1202.9,2510.5699999999997,1223.521083621462,20.62108362146182
3,665.0,2418.16,1490.96,3086.16,1628.488690302419,137.5286903024189
11,532.0,2419.86,1653.69,2962.86,2054.8331345236115,401.1431345236115
9,483.0,52.64,949.04,544.64,868.5464204390114,80.49357956098856
12,296.0,326.83,981.72,634.8299999999999,1068.201170660428,86.481170660428
9,131.0,1990.0,1557.2,2130.0,1509.2230818258786,47.976918174121465
6,836.0,2035.17,1718.79,2877.17,1749.1528086138912,30.362808613891275
10,532.0,1223.36,1631.49,1765.36,1470.2741067659033,161.2158932340967
14,595.0,2140.61,1989.13,2749.61,2158.1145027706257,168.98450277062557
7,623.0,1894.02,1739.49,2524.02,1626.9501174004258,112.53988259957418
5,1077.0,2234.35,1665.23,3316.35,1912.8929188223626,247.6629188223626
5,579.0,1018.52,1468.01,1602.52,1094.0091477216645,374.0008522783355
8,255.0,1817.19,1510.91,2080.19,1442.9259122092055,67.98408779079455
8,1009.0,1378.07,1903.76,2395.0699999999997,1688.614686627004,215.14531337299604
10,87.0,498.96,781.97,595.96,896.4014342903469,114.43143429034683
1,809.0,1734.56,1447.25,2544.56,1288.224000946736,159.02599905326406
9,1079.0,1981.94,1763.16,3069.94,2055.349756170896,292.18975617089586
8,1134.0,1049.84,2073.13,2191.84,1617.9676717723007,455.1623282276994
8,403.0,654.97,895.14,1065.97,1021.9626360737609,126.82263607376092
8,534.0,429.88,916.02,971.88,999.767334931961,83.74733493196106
13,564.0,2245.56,1745.09,2822.56,2123.0637967782095,377.9737967782096
2,752.0,958.29,1144.41,1712.29,979.5320516545853,164.87794834541478
11,293.0,1410.0,1673.7,1714.0,1475.9258067776893,197.7741932223107
5,919.0,470.23,1119.17,1394.23,1052.0624831376726,67.10751686232743
5,103.0,333.22,573.58,441.22,519.2120687228885,54.36793127711155
1,893.0,19.76,570.71,913.76,589.2082022127498,18.49820221274979
12,37.0,52.65,789.01,101.65,798.482566734844,9.472566734844008
8,1142.0,776.74,1827.44,1926.74,1503.523981446704,323.916018553296
5,332.0,218.03,801.73,555.03,601.7568005347714,199.97319946522862
7,950.0,1739.62,2032.23,2696.62,1749.2172372061152,283.0127627938848
9,223.0,1916.03,1623.73,2148.0299999999997,1530.3100431590003,93.4199568409997
6,522.0,1210.87,1577.01,1738.87,1207.6724479837721,369.33755201622785
12,46.0,2077.07,1666.29,2135.07,1686.4249817675513,20.13498176755138
2,252.0,1545.94,1300.19,1799.94,945.8747394682102,354.3152605317898
14,999.0,619.42,1510.57,1632.42,1729.0529204163724,218.4829204163725
13,125.0,2004.61,1721.56,2142.6099999999997,1763.4724976942541,41.91249769425417
9,597.0,625.99,990.84,1231.99,1184.6449666033423,193.80496660334222
3,289.0,853.79,969.85,1145.79,728.3625993076521,241.48740069234793
7,953.0,1918.24,1833.56,2878.24,1828.8417379640644,4.718262035935595
4,275.0,2359.64,1483.58,2638.64,1439.6929580537303,43.88704194626962
5,755.0,1584.41,1729.08,2344.41,1442.8018439618875,286.27815603811246
9,803.0,880.17,1589.75,1692.17,1414.9139256187232,174.83607438127683
11,293.0,285.14,966.87,589.14,985.4439604255563,18.573960425556265
6,164.0,1460.21,1535.3,1630.21,1108.8292906077133,426.4707093922866
12,675.0,2277.93,1807.33,2964.93,2138.6956568038618,331.36565680386184
11,859.0,146.71,1267.98,1016.71,1253.2444749802423,14.735525019757688
2,296.0,1878.7,1354.0,2176.7,1116.481556545249,237.51844345475092
7,300.0,2417.85,1634.04,2724.85,1668.087723398327,34.04772339832698
2,1155.0,1517.18,1543.17,2674.1800000000003,1456.8848640852434,86.28513591475667
5,765.0,480.48,1038.42,1250.48,967.24417792379,71.17582207621012
9,1097.0,2330.2,1728.07,3436.2,2217.640618121367,489.57061812136703
4,422.0,2049.71,1491.9,2475.71,1389.780826047395,102.11917395260502
14,1020.0,510.33,1406.95,1544.33,1693.6611161666235,286.71111616662347
4,205.0,545.57,682.22,754.57,608.1039585522054,74.1160414477946
12,1046.0,1850.85,1875.72,2908.85,2167.5746707135663,291.8546707135663
4,1001.0,739.08,1116.31,1744.08,1153.994722407012,37.68472240701203
9,938.0,742.17,1632.1,1689.17,1433.0123458007909,199.08765419920906
5,351.0,407.74,883.11,763.74,695.4936078502288,187.61639214977117
9,748.0,653.42,1249.66,1410.42,1284.1538177014945,34.493817701494436
13,1186.0,2462.26,1906.35,3661.26,2578.182784092928,671.8327840929283
6,384.0,1656.04,1682.33,2046.04,1321.772488247285,360.55751175271484
10,150.0,418.41,844.9,578.4100000000001,897.80534797461,52.90534797460998
10,783.0,158.93,993.55,951.9300000000001,1151.669393047918,158.11939304791804
6,372.0,2494.69,1742.34,2872.69,1680.4983797667107,61.84162023328918
10,958.0,1643.76,1827.18,2611.76,1900.5751745115815,73.39517451158144
8,34.0,1225.2,1438.52,1267.2,1056.662060360887,381.85793963911306
7,151.0,2461.93,1516.58,2619.93,1600.9195391542012,84.33953915420125
7,150.0,1379.35,1500.09,1536.35,1128.2935945332868,371.79640546671317
6,751.0,2085.98,1757.81,2842.98,1722.0257359204327,35.784264079567265
7,568.0,159.12,738.92,734.12,838.5791098370463,99.65910983704634
12,574.0,2240.9,1785.72,2826.9,2063.9903513865042,278.2703513865042
13,36.0,808.38,1190.16,857.38,1190.269279485334,0.10927948533390008
14,595.0,1818.77,1889.9,2427.77,2017.7799923160178,127.8799923160177
7,381.0,2342.27,1705.24,2730.27,1682.0949707769012,23.145029223098845
14,174.0,815.3,1295.14,1003.3,1336.1371256437262,40.99712564372612
11,226.0,2013.45,1590.82,2250.45,1700.2070682156389,109.38706821563892
13,137.0,1505.66,1777.72,1655.66,1552.8687575588401,224.8512424411599
13,774.0,206.45,1110.0,993.45,1355.6900428770277,245.69004287702774
5,1120.0,1514.91,1658.97,2639.91,1624.1206295447407,34.849370455259304
4,862.0,2335.55,1698.94,3201.55,1769.5256668388847,70.58566683888466
8,829.0,1147.89,2004.34,1984.89,1483.885188713076,520.4548112869238
4,380.0,446.66,764.24,830.6600000000001,666.4387184294252,97.80128157057482
9,238.0,1197.83,1560.78,1444.83,1225.8443146112184,334.9356853887816
13,1199.0,493.0,1634.13,1705.0,1727.047617230975,92.91761723097488
12,710.0,1249.41,1921.09,1971.41,1710.5143816883271,210.57561831167277
14,719.0,1973.14,1980.99,2706.1400000000003,2156.985186809278,175.9951868092778
1,482.0,1697.08,1198.24,2180.08,1082.2898855344401,115.95011446555986
9,444.0,725.31,1062.52,1178.31,1139.244367501308,76.72436750130805
11,610.0,1990.79,1753.56,2611.79,1912.965894059979,159.40589405997912
4,238.0,1707.28,1483.48,1949.28,1133.786887560787,349.6931124392131
2,299.0,1612.7,1282.8,1913.7,1002.2347857448841,280.56521425511585
10,273.0,799.9,1155.05,1082.9,1135.463731399032,19.58626860096797
3,154.0,274.04,406.91,431.04,397.29781422751404,9.612185772485986
7,636.0,697.02,1276.06,1340.02,1112.5497536818846,163.51024631811538
2,1038.0,685.07,962.14,1725.0700000000002,1026.2177217496142,64.07772174961417
2,798.0,2334.41,1485.4,3134.41,1606.2431882867158,120.84318828671576
12,601.0,2166.56,1918.46,2779.56,2047.2296134161802,128.76961341618016
6,290.0,814.04,1077.35,1110.04,900.1281042233908,177.22189577660913
8,16.0,259.02,543.56,283.02,624.9345196255808,81.37451962558089
8,303.0,1072.44,1453.25,1383.44,1146.0164491328665,307.23355086713354
11,372.0,2048.26,1632.61,2431.26,1800.034929514288,167.42492951428812
3,864.0,2338.52,1513.04,3205.52,1709.14087047777,196.10087047777006
11,913.0,2253.41,1758.56,3177.41,2203.1546675367176,444.5946675367177
14,805.0,834.06,1683.49,1653.06,1710.1648384127816,26.674838412781583
5,905.0,2317.31,1691.38,3227.31,1849.34272153769,157.96272153768996
10,728.0,226.53,1060.47,964.53,1149.2571075030294,88.78710750302935
4,842.0,893.25,1324.64,1739.25,1129.0320731103554,195.60792688964466
5,117.0,953.06,1116.8,1075.06,797.6030039827078,319.1969960172921
12,307.0,957.17,1432.75,1276.17,1349.4311355412922,83.31886445870782
9,51.0,314.81,704.94,374.81,732.3931549178213,27.45315491782128
7,1071.0,841.11,1699.9,1919.1100000000001,1427.5872389514755,272.31276104852464
13,922.0,1510.22,1967.87,2445.2200000000003,2009.9924249442897,42.12242494428983
8,867.0,2373.39,1747.22,3248.39,2040.2819409447702,293.0619409447702
11,1013.0,1483.3,1952.8,2507.3,1925.336369743853,27.46363025614687
6,1148.0,1525.81,1776.48,2679.81,1707.9469817266613,68.53301827333871
12,158.0,2195.67,1625.46,2365.67,1803.075609690135,177.615609690135
5,1010.0,2054.21,1810.37,3069.21,1795.499065149927,14.8709348500729
1,682.0,1517.04,1376.04,2200.04,1119.7436280985644,256.2963719014356
5,14.0,78.33,406.7,97.33,356.4689799924073,50.23102000759269
6,1203.0,1900.48,1972.88,3109.48,1903.2058492338901,69.67415076610996
4,810.0,1852.31,1575.87,2666.31,1528.6655106990418,47.20448930095813
3,760.0,2073.25,1522.45,2836.25,1533.1748524930003,10.724852493000299
7,868.0,625.09,1403.48,1500.0900000000001,1215.6968655236042,187.78313447639584
7,205.0,103.31,683.1,315.31,603.7799671594375,79.32003284056248
5,387.0,1882.35,1588.8,2274.35,1359.35223716885,229.44776283114993
11,447.0,130.07,852.02,588.0699999999999,1007.115224239873,155.095224239873
9,482.0,1348.44,1633.26,1839.44,1432.9848338066345,200.27516619336552
7,15.0,2436.67,1459.63,2458.67,1511.0537442963168,51.42374429631673
10,955.0,1182.33,1950.3,2147.33,1697.6347313547144,252.66526864528555
5,41.0,2314.68,1500.28,2360.68,1347.2571792653048,153.0228207346952
2,1189.0,1164.74,1666.52,2355.74,1322.9204549257927,343.5995450742073
2,762.0,519.74,752.69,1283.74,794.1054338587423,41.41543385874229
10,895.0,937.46,1714.8,1842.46,1556.074661426348,158.72533857365192
13,858.0,2258.01,1889.71,3129.01,2298.950800182744,409.2408001827439
11,650.0,524.8,1179.09,1185.8,1296.9299711556357,117.8399711556358
4,198.0,2106.63,1450.67,2308.63,1284.7271038056,165.94289619439996
1,791.0,1927.75,1419.88,2719.75,1362.025982289975,57.85401771002512
14,1020.0,1201.75,2337.73,2235.75,1995.1465972085236,342.5834027914764
12,59.0,2247.39,1629.92,2318.39,1768.2282684181214,138.30826841812132
8,626.0,545.84,1142.89,1179.8400000000001,1103.6710175260937,39.21898247390641
5,57.0,559.05,639.73,621.05,591.0122079506864,48.71779204931363
5,908.0,716.7,1375.88,1629.7,1153.1551074679223,222.72489253207777
13,8.0,78.44,713.71,99.44,855.7534832856429,142.04348328564288
11,684.0,672.51,1487.93,1367.51,1381.0500306883062,106.87996931169391
4,180.0,2365.46,1443.02,2549.46,1387.1506277359647,55.86937226403529
13,511.0,1628.33,1915.79,2152.33,1823.199101909003,92.59089809099692
4,231.0,20.39,499.26,255.39,394.1800016463827,105.07999835361727
9,1139.0,1973.31,1759.33,3121.31,2086.3741611718356,327.04416117183564
9,578.0,1167.71,1587.21,1754.71,1409.8395257489026,177.37047425109745
14,530.0,2028.06,2079.14,2572.06,2071.3520464985068,7.787953501493121
7,316.0,141.89,837.8,464.89,684.9590340099879,152.84096599001202
2,897.0,2382.39,1437.95,3281.39,1684.5635307155917,246.61353071559165
12,121.0,608.92,1033.44,741.92,1089.7398746940805,56.29987469408047
4,764.0,1417.94,1682.1,2185.94,1312.593279176988,369.50672082301185
11,663.0,2141.08,1715.29,2815.08,2009.226946399746,293.93694639974615
3,91.0,1640.15,1338.3,1734.15,956.4470737349799,381.8529262650201
1,1035.0,1289.84,1317.33,2325.84,1225.3417184140899,91.98828158591004
7,125.0,193.62,616.24,325.62,596.7753516098524,19.46464839014766
12,437.0,639.96,1183.74,1088.96,1286.4882120035072,102.7482120035072
4,84.0,2243.12,1392.1,2331.12,1278.1458609631031,113.95413903689678
5,716.0,1316.6,1686.98,2037.6,1303.4146543340592,383.56534566594087
12,18.0,2461.37,1556.78,2491.37,1837.760307022442,280.98030702244205
3,560.0,1664.15,1419.48,2227.15,1238.8336084087798,180.6463915912202
3,504.0,63.39,568.17,570.39,508.37296482606047,59.79703517393949
5,1126.0,664.9,1336.74,1795.9,1256.9626035117774,79.77739648822262
1,1092.0,390.55,589.11,1483.55,866.2650354581639,277.15503545816387
11,273.0,502.37,862.61,786.37,1068.5687178489532,205.95871784895314
4,6.0,458.7,459.21,468.7,454.8470700255097,4.362929974490271
1,620.0,490.45,678.74,1111.45,636.1642538877372,42.57574611226278
5,659.0,2083.15,1645.06,2747.15,1604.611636451852,40.44836354814788
12,353.0,2150.17,1765.67,2515.17,1896.2949705501078,130.62497055010772
13,618.0,1982.27,2000.39,2613.27,2039.5679912228381,39.177991222838045
2,1158.0,2355.92,1528.91,3515.92,1824.3468525429687,295.4368525429686
3,512.0,1251.6,1360.76,1766.6,1031.1161483272824,329.6438516727176
5,840.0,941.55,1676.48,1786.55,1211.772544188745,464.70745581125493
7,1086.0,2319.81,1858.36,3412.81,2081.0536692954674,222.69366929546754
13,1152.0,864.45,1797.14,2029.45,1861.7638381252987,64.62383812529856
4,840.0,1375.42,1580.95,2219.42,1338.1169958303642,242.83300416963584
4,724.0,89.99,667.98,817.99,710.364840474484,42.38484047448401
3,327.0,2141.92,1438.41,2471.92,1312.068419367373,126.34158063262703
13,1055.0,2005.84,1997.52,3073.84,2303.213742020957,305.69374202095696
1,931.0,327.97,609.73,1259.97,745.6315418950173,135.90154189501732
10,108.0,2181.67,1632.42,2299.67,1642.3027441114616,9.882744111461534
13,1204.0,24.47,1344.17,1241.47,1525.649625250269,181.479625250269
5,517.0,919.25,1288.31,1441.25,1014.7766484635071,273.5333515364929
8,897.0,1536.36,1944.62,2441.3599999999997,1692.6986553977351,251.92134460226475
12,988.0,2492.79,1753.84,3492.79,2413.8571517233736,660.0171517233737
1,1041.0,1630.25,1466.95,2672.25,1377.2521982703095,89.69780172969058
10,454.0,2359.42,1619.0,2823.42,1920.415941892422,301.4159418924221
5,406.0,1084.16,1399.39,1495.16,1022.3269798618014,377.0630201381987
4,103.0,1790.07,1394.55,1897.07,1091.614802445215,302.93519755478496
11,198.0,269.95,695.66,478.95,923.7404690816555,228.08046908165556
4,477.0,18.97,631.5,499.97,536.1892250217538,95.31077497824617
11,67.0,2455.53,1572.91,2533.53,1800.7841557602271,227.87415576022704
7,789.0,185.73,966.26,981.73,978.3157260377561,12.05572603775613
13,70.0,993.7,1492.02,1076.7,1290.7887329348507,201.23126706514927
12,59.0,858.62,1377.35,929.62,1162.6716002474586,214.67839975254128
3,1027.0,180.0,804.96,1210.0,862.4496629688335,57.4896629688335
3,275.0,543.74,572.73,821.74,585.0519150847861,12.321915084786042
12,180.0,384.42,873.97,576.4200000000001,1026.0569392131604,152.08693921316035
3,334.0,2449.89,1472.53,2786.89,1450.413612651687,22.116387348313083
7,759.0,1694.02,1960.92,2460.02,1618.5939640076108,342.3260359923893
10,174.0,1991.96,1542.4,2175.96,1597.848106668802,55.448106668801984
1,780.0,366.37,516.69,1147.37,674.8270806279204,158.13708062792034
9,934.0,415.5,1208.82,1358.5,1288.252610262671,79.432610262671
8,936.0,556.28,1277.26,1500.28,1287.9582280382376,10.69822803823763
1,1002.0,2320.13,1475.4,3323.13,1655.4543614801448,180.05436148014473
7,83.0,137.84,482.65,227.84,548.1019551250588,65.45195512505882
9,191.0,789.52,1058.5,989.52,1020.5554464175317,37.9445535824683
3,280.0,1090.37,1256.92,1373.37,826.3023870398865,430.61761296011355
5,644.0,2383.17,1785.53,3032.17,1726.7349414913442,58.79505850865576
10,498.0,992.86,1395.03,1500.8600000000001,1350.0544507861255,44.9755492138745
4,317.0,1793.28,1518.93,2114.2799999999997,1217.0895948621946,301.8404051378054
4,1100.0,370.61,860.32,1474.6100000000001,1050.7269872854852,190.40698728548512
4,263.0,2469.06,1503.98,2736.06,1480.4467669892204,23.533233010779668
4,932.0,1287.34,1513.28,2223.34,1353.0514592063812,160.22854079361878
14,343.0,2013.4,1839.05,2370.4,1956.5389538519762,117.48895385197625
2,274.0,888.24,917.79,1164.24,671.8478491767725,245.9421508232275
1,759.0,330.29,500.92,1090.29,646.9192301340221,145.99923013402207
8,204.0,2178.45,1506.38,2390.45,1570.8797436649438,64.49974366494371
10,396.0,2068.65,1556.68,2474.65,1760.0013024507082,203.32130245070812
6,840.0,870.82,1496.46,1716.8200000000002,1243.770977603323,252.68902239667705
7,756.0,1473.59,1961.96,2236.59,1520.73870920384,441.22129079616
4,1048.0,279.75,780.15,1331.75,980.9594710045137,200.80947100451374
9,800.0,39.96,1158.68,848.96,1046.8109611158566,111.86903888414349
3,240.0,1895.67,1386.33,2138.67,1154.2522805126646,232.07771948733534
13,997.0,920.48,2124.16,1930.48,1796.3275680834472,327.83243191655265
2,826.0,2163.39,1523.26,2991.39,1547.9060745336863,24.64607453368626
6,194.0,914.25,1168.72,1114.25,888.1636223799136,280.55637762008644
4,333.0,1934.76,1467.52,2271.76,1288.0569126618611,179.46308733813885
8,1053.0,1864.01,1794.57,2925.01,1926.0138238365212,131.44382383652123
12,466.0,1291.33,1770.37,1769.33,1587.324282881383,183.04571711861695
8,916.0,2417.62,1755.05,3341.62,2087.9776287114655,332.92762871146556
11,322.0,1251.3,1732.46,1584.3,1423.5404729701174,308.9195270298826
13,11.0,1114.96,1555.48,1138.96,1309.4550922930587,246.02490770694135
7,250.0,364.79,718.71,621.79,743.8857768528104,25.175776852810372
5,247.0,296.51,594.93,548.51,586.6949027862515,8.235097213748418
14,1158.0,2104.61,1899.69,3276.61,2468.8390318646148,569.1490318646147
11,1095.0,1071.83,2159.33,2177.83,1793.4625612320688,365.86743876793116
11,1149.0,270.81,1284.51,1430.81,1475.4959742115084,190.9859742115084
9,14.0,1057.38,1372.31,1080.38,1034.7297474513707,337.58025254862923
4,184.0,983.77,1202.69,1171.77,787.0002704321934,415.6897295678067
6,135.0,2488.22,1561.2,2629.22,1540.2669276818006,20.933072318199493
5,717.0,1508.97,1722.49,2230.9700000000003,1387.875098856177,334.6149011438231
1,389.0,1964.96,1228.94,2354.96,1145.1752869697987,83.76471303020139
3,1136.0,1296.54,1536.6,2435.54,1412.5008075970327,124.09919240296722
13,145.0,2202.42,1716.13,2360.42,1861.3210040636754,145.19100406367534
1,1122.0,861.5,1081.05,1984.5,1089.0108978865771,7.960897886577186
14,383.0,97.95,1203.93,494.95,1144.5213348597376,59.40866514026243
1,309.0,1211.37,1110.55,1521.37,770.1980969339972,340.3519030660027
14,1090.0,2248.68,1905.5,3352.68,2492.233308771483,586.7333087714828
3,278.0,994.9,1167.78,1275.9,783.514246688183,384.265753311817
7,1109.0,2397.29,1917.57,3513.29,2128.1730786711446,210.60307867114466
12,643.0,2194.16,1758.03,2849.16,2083.615455511803,325.5854555118028
11,176.0,1050.67,1444.13,1237.67,1251.4087696270267,192.72123037297342
7,309.0,1021.75,1309.85,1337.75,1064.5530078686554,245.2969921313445
3,992.0,1897.41,1539.0,2892.41,1591.0132426676234,52.013242667623445
3,175.0,440.19,431.17,618.19,481.92114376326805,50.75114376326803
5,895.0,2329.69,1791.96,3229.69,1848.942971198931,56.982971198930954
8,372.0,348.37,950.24,728.37,870.2998494108505,79.94015058914954
5,567.0,193.11,718.3,765.11,727.1414353786271,8.841435378627125
8,978.0,710.43,1624.58,1696.4299999999998,1379.5246949723842,245.05530502761576
1,1082.0,1809.49,446.94,2892.49,1479.1790715506552,1032.2390715506551
11,636.0,2238.97,1699.94,2885.97,2036.2563822361092,336.3163822361091
6,370.0,315.09,946.39,691.0899999999999,728.9500999862153,217.43990001378472
8,413.0,222.83,802.95,643.83,839.3310226652346,36.38102266523458
3,399.0,141.39,546.04,543.39,481.5059641011338,64.53403589886614
