days,miles,receipts,output,predicted,error,residual
3,93.0,1.42,364.51,333.1322,31.37779999999998,31.37779999999998
1,55.0,3.6,126.06,120.726,5.334000000000003,5.334000000000003
1,47.0,17.97,128.91,123.8177,5.0922999999999945,5.0922999999999945
2,13.0,4.67,203.52,206.46470000000002,2.9447000000000116,-2.9447000000000116
3,88.0,5.78,380.37,333.1698,47.200199999999995,47.200199999999995
1,76.0,13.74,158.35,132.2334,26.116600000000005,26.116600000000005
3,41.0,4.52,320.12,316.20320000000004,3.9167999999999665,3.9167999999999665
1,140.0,22.71,199.68,158.3111,41.3689,41.3689
3,121.0,21.17,464.07,351.02970000000005,113.04029999999995,113.04029999999995
3,117.0,21.99,359.1,349.9659,9.134100000000046,9.134100000000046
2,202.0,21.24,356.17,279.40840000000003,76.76159999999999,76.76159999999999
3,80.0,21.05,366.87,336.6305,30.23950000000002,30.23950000000002
2,21.0,20.04,204.58,215.5664,10.986399999999975,-10.986399999999975
3,177.0,18.73,430.86,369.6293,61.23070000000001,61.23070000000001
1,141.0,10.15,195.14,153.5115,41.628499999999974,41.628499999999974
1,58.0,5.86,117.24,122.7026,5.462600000000009,-5.462600000000009
1,133.0,8.34,179.06,149.9694,29.090599999999995,29.090599999999995
1,59.0,8.31,120.65,124.05709999999999,3.4070999999999856,-3.4070999999999856
2,89.0,13.85,234.2,236.8285,2.6285000000000025,-2.6285000000000025
2,147.0,17.43,325.56,258.5963,66.96370000000002,66.96370000000002
5,130.0,306.9,574.1,671.329,97.22899999999993,-97.22899999999993
5,173.0,1337.9,1443.96,1109.089,334.8710000000001,334.8710000000001
5,592.0,433.75,869.0,885.0374999999999,16.03749999999991,-16.03749999999991
5,679.0,476.08,1030.41,932.8428,97.56720000000007,97.56720000000007
5,708.0,1129.52,1654.62,1210.9032,443.7167999999999,443.7167999999999
5,261.0,464.94,621.12,781.9754,160.85540000000003,-160.85540000000003
5,794.0,511.0,1139.94,987.41,152.5300000000001,152.5300000000001
5,521.0,1448.55,1624.01,1276.2554999999998,347.75450000000023,347.75450000000023
5,595.0,863.93,1231.67,1062.4613,169.20870000000014,169.20870000000014
5,811.0,952.39,1608.6,1174.3299,434.27009999999996,434.27009999999996
5,477.0,704.42,1045.96,955.7621999999999,90.19780000000014,90.19780000000014
5,730.0,485.73,991.49,954.6493,36.84069999999997,36.84069999999997
5,262.0,1173.79,1485.59,1072.9539,412.63609999999994,412.63609999999994
5,446.0,219.98,788.62,746.2918,42.32820000000004,42.32820000000004
5,751.0,407.43,1063.46,929.8962999999999,133.56370000000015,133.56370000000015
5,324.0,128.94,686.54,666.2654,20.274599999999964,20.274599999999964
5,414.0,967.0,1368.94,1041.37,327.57000000000016,327.57000000000016
5,367.0,290.78,742.25,747.6697999999999,5.419799999999896,-5.419799999999896
5,764.0,848.75,1468.46,1115.3874999999998,353.0725000000002,353.0725000000002
5,249.0,873.75,1185.24,945.3874999999999,239.85250000000008,239.85250000000008
8,862.0,1817.85,1719.37,1847.0185,127.64850000000001,-127.64850000000001
11,927.0,1994.33,1779.12,2242.1252999999997,463.0052999999998,-463.0052999999998
9,602.0,186.69,1085.4,1187.2429,101.84289999999987,-101.84289999999987
8,610.0,208.29,841.27,1098.8989000000001,257.62890000000016,-257.62890000000016
12,333.0,1103.21,1618.13,1768.8661,150.73609999999985,-150.73609999999985
8,435.0,1129.65,1525.26,1415.4065,109.85349999999994,109.85349999999994
9,218.0,1203.45,1561.63,1469.7144999999998,91.91550000000029,91.91550000000029
12,781.0,1159.18,1752.72,1948.6137999999999,195.89379999999983,-195.89379999999983
11,916.0,1036.91,2098.07,1845.7331,252.33690000000024,252.33690000000024
10,358.0,2066.62,1624.11,1972.6141999999998,348.50419999999986,-348.50419999999986
12,566.0,2013.7,1752.03,2223.717,471.6870000000001,-471.6870000000001
9,954.0,1483.39,2024.2,1842.0899,182.1101000000001,182.1101000000001
9,534.0,1929.94,1624.87,1878.1754,253.3054000000002,-253.3054000000002
12,765.0,1343.97,1953.03,2018.7777,65.74770000000012,-65.74770000000012
8,630.0,967.69,1388.05,1417.2529,29.2029,-29.2029
10,909.0,696.0,1505.19,1603.5099999999998,98.31999999999971,-98.31999999999971
10,223.0,745.89,1037.45,1383.8648999999998,346.41489999999976,-346.41489999999976
8,467.0,1178.71,1483.33,1446.7211,36.60889999999995,36.60889999999995
9,708.0,461.07,1110.6,1336.8387,226.2387000000001,-226.2387000000001
9,885.0,1764.97,1694.37,1933.3877,239.0177000000001,-239.0177000000001
6,855.0,591.35,1339.72,1141.7035,198.01649999999995,198.01649999999995
2,993.0,54.24,715.19,569.7883999999999,145.40160000000014,145.40160000000014
5,685.0,747.14,1216.36,1046.0774,170.2826,170.2826
3,981.0,341.45,813.95,783.3444999999999,30.60550000000012,30.60550000000012
5,770.0,873.33,1502.49,1127.5653,374.92470000000003,374.92470000000003
6,697.0,651.64,1237.71,1111.1224,126.58760000000007,126.58760000000007
3,795.0,450.85,743.94,763.0985000000001,19.158500000000004,-19.158500000000004
3,606.0,1184.23,1364.54,997.6343,366.9056999999999,366.9056999999999
3,842.0,865.37,1251.14,949.5017,301.6383000000001,301.6383000000001
7,748.0,241.73,971.31,1060.9093,89.59930000000008,-89.59930000000008
7,624.0,148.16,905.79,979.1456,73.35559999999998,-73.35559999999998
2,713.0,740.33,1048.28,753.0853,295.1947,295.1947
3,874.0,1191.4,1515.99,1094.3739999999998,421.6160000000002,421.6160000000002
6,761.0,530.19,1120.1,1083.7278999999999,36.372100000000046,36.372100000000046
1,815.0,97.89,539.36,425.3849,113.9751,113.9751
1,601.0,497.7,644.12,514.407,129.71299999999997,129.71299999999997
7,817.0,1127.87,1809.91,1448.3767,361.53330000000005,361.53330000000005
1,606.0,923.0,1050.05,690.53,359.52,359.52
1,909.0,741.82,866.07,722.2962,143.77380000000005,143.77380000000005
3,624.0,1160.92,1459.34,994.3772,464.9627999999999,464.9627999999999
4,650.0,619.49,676.38,881.4909,205.11090000000002,-205.11090000000002
6,204.0,818.99,628.4,1007.1859,378.78589999999997,-378.78589999999997
1,263.0,396.49,198.42,354.6109,156.19090000000003,-156.19090000000003
1,451.0,555.49,162.18,485.6009,323.4209,-323.4209
10,424.0,474.99,831.96,1343.1459,511.18589999999995,-511.18589999999995
2,565.0,389.49,415.96,557.4409,141.48090000000008,-141.48090000000008
9,397.0,348.49,913.29,1181.8309000000002,268.5409000000002,-268.5409000000002
1,532.0,413.99,355.57,455.9359,100.36590000000001,-100.36590000000001
2,384.0,495.49,290.36,537.5509,247.19089999999994,-247.19089999999994
5,754.0,489.99,765.13,964.7959,199.66589999999997,-199.66589999999997
1,344.46,813.85,707.88,554.2394999999999,153.6405000000001,153.6405000000001
3,906.3,540.03,848.42,838.6172999999999,9.802700000000073,9.802700000000073
3,1007.56,187.52,764.64,729.5292,35.11080000000004,35.11080000000004
1,359.62,221.15,255.57,316.5385,60.968500000000006,-60.968500000000006
1,362.79,749.19,636.51,534.1444,102.36559999999997,102.36559999999997
1,288.72,159.26,303.94,266.34860000000003,37.591399999999965,37.591399999999965
2,782.17,830.72,1165.44,814.3546999999999,351.0853000000002,351.0853000000002
2,623.18,347.54,625.15,560.6043999999999,64.54560000000004,64.54560000000004
3,1061.15,388.5,693.36,830.6875,137.3275,-137.3275
1,252.75,285.5,331.74,305.5175,26.222500000000025,26.222500000000025
3,1020.39,250.62,779.08,759.8906999999999,19.189300000000117,19.189300000000117
1,257.97,816.81,738.01,525.1816,212.8284,212.8284
3,1025.03,592.55,992.4,901.7059999999999,90.69400000000007,90.69400000000007
2,794.32,402.31,671.06,642.9591,28.10089999999991,28.10089999999991
1,276.85,485.54,361.66,395.96889999999996,34.30889999999994,-34.30889999999994
2,851.68,473.96,650.68,692.4115999999999,41.73159999999996,-41.73159999999996
3,859.12,611.07,960.47,851.2307000000001,109.23929999999996,109.23929999999996
3,1317.07,476.87,787.42,956.4911999999999,169.07119999999998,-169.07119999999998
1,388.1,827.37,741.46,575.0567,166.40330000000006,166.40330000000006
1,264.39,758.27,636.19,503.42719999999997,132.76280000000008,132.76280000000008
5,198.21,594.83,807.48,813.2538000000001,5.773800000000051,-5.773800000000051
6,72.85,457.75,666.59,813.175,146.58499999999992,-146.58499999999992
8,297.64,481.09,835.08,1101.4209,266.34090000000003,-266.34090000000003
7,237.33,1262.27,1452.17,1300.5961999999997,151.57380000000035,151.57380000000035
5,195.73,1228.49,511.23,1072.1864,560.9564,-560.9564
8,276.28,1179.9,1522.6,1380.4569999999999,142.14300000000003,142.14300000000003
8,302.24,1046.04,1353.77,1334.6603999999998,19.109600000000228,19.109600000000228
8,266.87,252.08,880.41,996.7573,116.34730000000002,-116.34730000000002
9,310.69,239.64,828.16,1106.9939,278.83389999999997,-278.83389999999997
6,222.08,709.07,1031.34,968.4467,62.893299999999954,62.893299999999954
8,264.94,720.67,1019.85,1188.2037,168.3537,-168.3537
8,161.15,1230.37,1499.24,1360.8541999999998,138.38580000000024,138.38580000000024
9,259.96,554.74,835.54,1218.4294,382.8894,-382.8894
9,97.85,518.56,850.57,1146.8571,296.2870999999999,-296.2870999999999
9,194.34,1054.93,1374.9,1400.5403,25.640299999999797,-25.640299999999797
9,332.35,374.61,830.45,1169.9125999999999,339.46259999999984,-339.46259999999984
5,126.44,696.14,845.35,829.6714000000001,15.67859999999996,15.67859999999996
5,66.13,848.03,1050.25,870.8377999999999,179.4122000000001,179.4122000000001
6,135.34,1144.13,1478.11,1116.4623,361.6477,361.6477
6,233.7,346.98,648.57,824.0568,175.4867999999999,-175.4867999999999
9,849.0,1007.41,1785.47,1610.1880999999998,175.28190000000018,175.28190000000018
6,806.0,1760.64,1718.76,1603.9624,114.7976000000001,114.7976000000001
8,891.0,1194.36,2016.46,1601.5375999999999,414.92240000000015,414.92240000000015
9,1182.0,1342.24,2164.15,1864.0184000000002,300.13159999999993,300.13159999999993
7,1010.0,1514.03,2063.98,1674.2523,389.7276999999999,389.7276999999999
8,892.0,1768.53,1902.37,1837.2973,65.07269999999994,65.07269999999994
6,825.0,1692.73,1817.77,1582.7693,235.00070000000005,235.00070000000005
8,1118.0,1758.52,1852.47,1912.2931999999998,59.823199999999815,-59.823199999999815
8,1064.0,1756.52,1857.04,1892.5731999999998,35.53319999999985,-35.53319999999985
6,811.0,1252.04,1771.8,1397.1863999999998,374.61360000000013,374.61360000000013
7,889.0,1417.96,1826.08,1592.5136000000002,233.5663999999997,233.5663999999997
9,1012.0,1429.04,1880.76,1840.1064,40.6536000000001,40.6536000000001
6,909.0,1332.18,1720.21,1464.3438,255.86619999999994,255.86619999999994
9,1096.0,1690.22,1894.85,1976.5901999999999,81.74019999999996,-81.74019999999996
9,913.0,1021.29,1964.86,1638.2789,326.5810999999999,326.5810999999999
6,1006.0,1219.71,1803.97,1452.1810999999998,351.78890000000024,351.78890000000024
6,907.0,1650.17,1737.86,1594.0197,143.84029999999984,143.84029999999984
9,816.0,1171.81,1780.58,1666.0421,114.53790000000004,114.53790000000004
7,1006.0,1181.33,2279.82,1536.4452999999999,743.3747000000003,743.3747000000003
6,835.0,1404.28,1765.79,1468.0048,297.78520000000003,297.78520000000003
12,528.0,2476.41,1662.88,2400.1281,737.2480999999998,-737.2480999999998
4,69.0,2321.49,322.0,1375.9609,1053.9609,-1053.9609
11,1179.0,31.36,1550.55,1525.5076,25.042400000000043,25.042400000000043
13,756.0,954.4,1793.07,1955.904,162.83400000000006,-162.83400000000006
1,123.0,2076.65,1171.68,994.4765,177.20350000000008,177.20350000000008
3,1162.0,2152.66,1434.71,1589.2906,154.5806,-154.5806
1,822.0,2170.53,1374.91,1277.6173000000001,97.29269999999997,97.29269999999997
11,558.0,1549.86,1823.47,1930.7425999999998,107.27259999999978,-107.27259999999978
2,753.0,1111.16,1353.87,919.1256000000001,434.7443999999998,434.7443999999998
10,224.0,407.51,794.7,1245.4791,450.77909999999997,-450.77909999999997
6,383.0,462.79,800.3,923.7938999999999,123.49389999999994,-123.49389999999994
8,1005.0,1391.37,1987.39,1722.2116999999998,265.17830000000026,265.17830000000026
10,1145.0,311.43,1366.61,1528.4363,161.82630000000017,-161.82630000000017
5,1004.0,2367.63,1743.85,1822.1282999999999,78.27829999999994,-78.27829999999994
5,873.0,1402.35,1676.79,1380.5134999999998,296.27650000000017,296.27650000000017
2,165.0,1813.32,1273.45,1001.2112,272.2388000000001,272.2388000000001
5,1076.0,190.33,879.65,954.6352999999999,74.98529999999994,-74.98529999999994
12,986.0,2390.92,1760.0,2525.3772,765.3771999999999,-765.3771999999999
7,948.0,657.17,1578.97,1301.2396999999999,277.73030000000017,277.73030000000017
3,429.0,2400.13,1411.95,1434.2033000000001,22.25330000000008,-22.25330000000008
4,362.0,646.43,788.53,791.7363,3.2063000000000557,-3.2063000000000557
2,622.0,1871.56,1494.23,1185.0395999999998,309.1904000000002,309.1904000000002
1,140.0,255.99,150.34,253.95589999999999,103.61589999999998,-103.61589999999998
8,123.0,612.55,851.24,1094.1955,242.95550000000003,-242.95550000000003
4,87.0,2463.92,1413.52,1440.6571999999999,27.137199999999893,-27.137199999999893
10,164.0,1144.9,1516.43,1526.8090000000002,10.379000000000133,-10.379000000000133
1,989.0,2196.84,1439.17,1346.8544,92.31560000000013,92.31560000000013
4,470.0,1968.63,1501.1,1371.6383,129.46169999999984,129.46169999999984
1,37.0,1397.17,1092.94,685.7897,407.1503,407.1503
8,488.0,439.7,1030.13,1151.077,120.94699999999989,-120.94699999999989
12,757.0,897.4,1780.07,1832.884,52.81400000000008,-52.81400000000008
14,958.0,1727.76,2065.16,2443.6816,378.52160000000003,-378.52160000000003
2,456.0,2390.7,1342.39,1339.7869999999998,2.603000000000293,2.603000000000293
5,733.0,41.18,771.83,773.4338,1.6037999999999784,-1.6037999999999784
5,291.0,1279.7,1477.12,1126.527,350.59299999999985,350.59299999999985
10,478.0,2091.79,1568.41,2024.9338999999998,456.5238999999997,-456.5238999999997
8,817.0,1455.73,1847.26,1682.7993,164.4607000000001,164.4607000000001
6,1043.0,1404.35,1807.42,1540.8335,266.5865000000001,266.5865000000001
2,958.0,1855.58,1549.54,1296.0877999999998,253.45220000000018,253.45220000000018
9,524.0,474.75,935.4,1278.0475000000001,342.64750000000015,-342.64750000000015
6,45.0,81.59,522.58,649.2019,126.62189999999998,-126.62189999999998
8,342.0,2259.06,1502.02,1845.9145999999998,343.89459999999985,-343.89459999999985
12,379.0,1897.29,1682.98,2110.5389,427.5589,-427.5589
6,333.0,1254.68,1585.02,1230.9687999999999,354.0512000000001,354.0512000000001
2,634.0,1739.81,1490.51,1135.2221,355.28790000000004,355.28790000000004
5,285.0,974.73,1282.84,999.3893,283.45069999999987,283.45069999999987
12,33.0,1249.13,1707.38,1723.6933000000001,16.313300000000027,-16.313300000000027
9,118.0,1285.82,1539.77,1468.4862,71.28379999999993,71.28379999999993
1,420.0,2273.6,1220.35,1179.176,41.17399999999998,41.17399999999998
11,312.0,2072.39,1586.22,2058.8799,472.6598999999999,-472.6598999999999
10,753.0,2054.02,1779.08,2105.6982000000003,326.61820000000034,-326.61820000000034
5,125.0,96.38,570.99,583.2658,12.275800000000004,-12.275800000000004
6,597.0,888.84,1395.65,1173.3744,222.27560000000017,222.27560000000017
12,1065.0,203.2,1408.25,1656.062,247.8119999999999,-247.8119999999999
1,214.0,540.03,402.81,396.31229999999994,6.497700000000066,6.497700000000066
11,886.0,922.66,1852.24,1788.3906,63.84940000000006,63.84940000000006
10,621.0,978.73,1656.28,1618.6292999999998,37.65070000000014,37.65070000000014
4,1000.0,2355.34,1699.56,1715.6894,16.129400000000032,-16.129400000000032
13,534.0,1765.96,1881.36,2210.9436,329.58360000000016,-329.58360000000016
6,475.0,1800.71,1671.23,1504.5411,166.6889000000001,166.6889000000001
11,623.0,2265.21,1739.18,2246.7861000000003,507.6061000000002,-507.6061000000002
1,620.0,973.91,1112.02,716.3031,395.7169,395.7169
13,1004.0,1757.75,1960.67,2372.0775,411.4074999999998,-411.4074999999998
8,962.0,1929.63,1897.19,1927.8482999999999,30.658299999999826,-30.658299999999826
14,516.0,1464.67,1842.1,2181.1147,339.0147000000002,-339.0147000000002
11,685.0,2272.75,1873.94,2271.5775,397.6374999999998,-397.6374999999998
3,307.0,266.21,540.97,516.5961,24.37390000000005,24.37390000000005
3,375.0,1346.21,1339.93,983.1961,356.73390000000006,356.73390000000006
4,1124.0,2177.18,1567.43,1686.0438,118.61379999999986,-118.61379999999986
3,779.0,2110.9,1520.73,1438.1190000000001,82.61099999999988,82.61099999999988
8,1173.0,671.25,1419.34,1485.7625,66.42250000000013,-66.42250000000013
14,47.0,1667.14,1745.18,2099.9773999999998,354.7973999999997,-354.7973999999997
3,981.0,2008.83,1539.47,1466.9703,72.49970000000008,72.49970000000008
5,516.0,1450.67,1547.5,1275.3746999999998,272.12530000000015,272.12530000000015
6,471.0,332.51,872.19,901.1791,28.989099999999894,-28.989099999999894
2,941.0,1565.77,1432.79,1171.3156999999999,261.4743000000001,261.4743000000001
10,377.0,301.96,837.36,1255.7536,418.3936,-418.3936
7,273.0,285.83,793.58,912.7402999999999,119.16029999999989,-119.16029999999989
1,458.0,834.7,737.28,602.5269999999999,134.75300000000004,134.75300000000004
11,772.0,932.31,1575.52,1752.4471,176.9271000000001,-176.9271000000001
11,36.0,1541.47,1593.24,1744.6027,151.3626999999999,-151.3626999999999
12,211.0,1048.29,1579.73,1703.6489,123.9188999999999,-123.9188999999999
7,987.0,2164.1,1839.67,1932.731,93.06099999999992,-93.06099999999992
9,662.0,2275.59,1599.27,2064.6919,465.4218999999998,-465.4218999999998
12,96.0,1164.37,1553.21,1710.9916999999998,157.78169999999977,-157.78169999999977
5,569.0,1856.7,1623.81,1460.397,163.413,163.413
12,128.0,477.17,874.99,1440.4397,565.4496999999999,-565.4496999999999
4,886.0,2401.28,1698.0,1694.6248,3.37519999999995,3.37519999999995
13,19.0,807.27,1331.53,1637.6307000000002,306.1007000000002,-306.1007000000002
8,275.0,2347.09,1454.47,1858.5569,404.0869,-404.0869
9,963.0,588.5,1434.42,1478.335,43.914999999999964,-43.914999999999964
14,1056.0,2489.69,1894.16,2790.3729,896.2128999999998,-896.2128999999998
5,728.0,423.16,947.72,928.2955999999999,19.424400000000105,19.424400000000105
4,286.0,1063.49,418.17,936.1309,517.9609,-517.9609
11,332.0,1352.48,1663.39,1770.7168,107.32679999999982,-107.32679999999982
12,49.0,1118.38,1494.81,1675.6858000000002,180.87580000000025,-180.87580000000025
2,18.0,2503.46,1206.95,1232.7186,25.76859999999988,-25.76859999999988
14,592.0,1268.36,1930.24,2127.2275999999997,196.9875999999997,-196.9875999999997
3,892.0,171.32,875.39,682.4412,192.9488,192.9488
11,741.0,1872.39,1847.08,2127.0299,279.94990000000007,-279.94990000000007
14,807.0,2358.41,1819.41,2649.3980999999994,829.9880999999993,-829.9880999999993
5,873.0,1584.53,1796.7,1455.2072999999998,341.49270000000024,341.49270000000024
3,1159.0,2209.44,1434.84,1611.5203999999999,176.68039999999996,-176.68039999999996
11,920.0,1338.65,1871.27,1970.8465,99.57650000000012,-99.57650000000012
1,388.0,390.7,332.06,395.98699999999997,63.926999999999964,-63.926999999999964
9,576.0,1059.79,1547.5,1536.1138999999998,11.38610000000017,11.38610000000017
9,524.0,2367.12,1640.78,2053.9192,413.13919999999985,-413.13919999999985
10,459.0,2183.11,1559.59,2055.7251,496.1351000000002,-496.1351000000002
4,725.0,588.9,1097.95,895.199,202.7510000000001,202.7510000000001
1,992.0,958.87,1222.41,840.3367,382.07330000000013,382.07330000000013
10,536.0,2194.42,1615.13,2087.3122,472.18219999999974,-472.18219999999974
11,1126.0,1593.03,2143.74,2147.2423,3.5023000000001048,-3.5023000000001048
10,314.0,1098.8,1539.1,1560.4080000000001,21.30800000000022,-21.30800000000022
1,9.0,2246.28,1120.22,1024.1248,96.09519999999998,96.09519999999998
11,706.0,1508.23,2030.59,1965.4742999999999,65.11570000000006,65.11570000000006
10,976.0,2166.02,1775.03,2229.6682,454.6382000000001,-454.6382000000001
5,1028.0,653.19,1313.95,1127.6079,186.34210000000007,186.34210000000007
8,1166.0,99.47,1149.07,1248.8826999999999,99.81269999999995,-99.81269999999995
12,882.0,1958.14,1944.88,2311.5373999999997,366.6573999999996,-366.6573999999996
11,448.0,732.79,1090.35,1557.2439,466.89390000000003,-466.89390000000003
7,623.0,1691.39,1800.86,1611.5199,189.3400999999999,189.3400999999999
3,127.0,293.49,303.2,464.7809,161.58089999999999,-161.58089999999999
12,218.0,486.02,1005.67,1475.5682,469.8982,-469.8982
3,1166.0,530.44,785.59,925.5804,139.99040000000002,-139.99040000000002
11,17.0,550.58,830.07,1331.6878,501.6177999999999,-501.6177999999999
9,696.0,1749.97,1649.49,1861.0877,211.59770000000003,-211.59770000000003
4,305.0,125.79,664.43,558.3239,106.10609999999997,106.10609999999997
12,104.0,1300.05,1779.92,1769.4205000000002,10.499499999999898,10.499499999999898
1,303.0,931.53,857.42,587.9772999999999,269.44270000000006,269.44270000000006
8,1012.0,2390.84,1732.12,2134.4444,402.32439999999997,-402.32439999999997
9,938.0,2224.29,1913.87,2140.2589,226.38889999999992,-226.38889999999992
3,471.0,288.19,535.67,583.0079,47.33789999999999,-47.33789999999999
5,72.0,977.67,1156.55,926.0446999999999,230.50530000000003,230.50530000000003
10,160.0,2272.56,1642.15,1987.7495999999999,345.5995999999998,-345.5995999999998
10,965.0,1851.28,1805.77,2096.7748,291.00480000000016,-291.00480000000016
3,266.0,2178.16,1447.95,1286.1455999999998,161.80440000000021,161.80440000000021
12,734.0,2491.82,1792.31,2478.5462,686.2362000000003,-686.2362000000003
12,64.0,1641.01,1710.72,1895.2141000000001,184.49410000000012,-184.49410000000012
9,497.0,1845.08,1674.09,1830.4327999999998,156.3427999999999,-156.3427999999999
3,781.0,1801.38,1586.21,1311.9157999999998,274.2942000000003,274.2942000000003
3,158.0,1070.74,1183.16,794.3034,388.85660000000007,388.85660000000007
3,1096.0,200.27,802.96,765.7107,37.24930000000006,37.24930000000006
11,1116.0,2067.8,1987.44,2338.398,350.9580000000001,-350.9580000000001
10,831.0,39.86,982.64,1307.1925999999999,324.55259999999987,-324.55259999999987
14,124.0,1064.64,1761.68,1879.9024000000002,118.2224000000001,-118.2224000000001
4,10.0,1262.73,1261.41,921.2193,340.1907000000001,340.1907000000001
5,955.0,106.86,897.78,878.0626,19.717399999999998,19.717399999999998
7,1176.0,2489.13,1921.16,2132.1432999999997,210.98329999999964,-210.98329999999964
6,803.0,465.6,1012.0,1071.946,59.94599999999991,-59.94599999999991
9,868.0,62.12,1022.81,1229.2692,206.4592,-206.4592
1,181.0,128.05,225.12,215.85049999999998,9.269500000000022,9.269500000000022
3,70.0,631.88,564.16,583.5708,19.410799999999995,-19.410799999999995
8,1090.0,419.76,1189.47,1353.6016,164.13159999999993,-164.13159999999993
14,1184.0,2269.89,1943.24,2745.0549,801.8149000000001,-801.8149000000001
1,735.0,1676.9,1365.21,1044.779,320.43100000000004,320.43100000000004
2,547.0,119.09,509.52,440.27689999999996,69.24310000000003,69.24310000000003
11,265.0,218.66,949.34,1282.4006,333.0605999999999,-333.0605999999999
10,223.0,886.32,1305.54,1441.4412,135.90120000000002,-135.90120000000002
12,959.0,1947.82,1833.24,2334.2562,501.0161999999998,-501.0161999999998
11,498.0,1578.39,1793.52,1921.4399,127.9199000000001,-127.9199000000001
14,127.0,988.4,1688.9,1849.694,160.79399999999987,-160.79399999999987
3,621.0,214.08,779.66,605.1228,174.53719999999998,174.53719999999998
6,1193.0,2241.5,1839.47,1936.5649999999998,97.0949999999998,-97.0949999999998
4,448.0,2055.97,1497.46,1399.7476999999997,97.71230000000037,97.71230000000037
8,466.0,2064.63,1558.12,1809.5982999999999,251.4783,-251.4783
12,229.0,1216.16,1696.65,1778.7756000000002,82.12560000000008,-82.12560000000008
13,658.0,559.48,1573.12,1759.6868,186.56680000000006,-186.56680000000006
13,1034.0,2477.98,1842.24,2677.8718,835.6317999999999,-835.6317999999999
4,842.0,2464.29,1611.66,1705.0589,93.39889999999991,-93.39889999999991
13,837.0,1218.93,1921.68,2092.7113,171.03129999999987,-171.03129999999987
11,927.0,1306.37,1804.68,1960.0617,155.3816999999999,-155.3816999999999
4,1047.0,1657.68,1605.84,1446.0988,159.74119999999994,159.74119999999994
4,262.0,1681.28,1435.34,1181.0248,254.3152,254.3152
7,1126.0,1103.75,2014.72,1546.6374999999998,468.0825000000002,468.0825000000002
5,781.0,672.91,1125.36,1049.2431,76.11689999999999,76.11689999999999
5,831.0,591.65,1090.31,1033.4265,56.88349999999991,56.88349999999991
7,1089.0,1026.25,2132.85,1501.9125,630.9375,630.9375
1,793.0,2171.07,1421.36,1267.6887,153.67129999999997,153.67129999999997
9,368.0,495.12,847.33,1231.7992,384.4691999999999,-384.4691999999999
6,818.0,1130.38,1704.06,1349.7558,354.30420000000004,354.30420000000004
11,667.0,1915.95,1732.2,2118.9894999999997,386.78949999999963,-386.78949999999963
2,267.0,2116.93,1349.04,1161.3913,187.64869999999996,187.64869999999996
10,1083.0,2105.36,1844.58,2242.2475999999997,397.66759999999977,-397.66759999999977
13,529.0,1767.79,2015.18,2209.9438999999998,194.7638999999997,-194.7638999999997
9,1155.0,1346.4,2248.12,1856.274,391.846,391.846
7,1185.0,1768.01,2072.18,1839.6341,232.54589999999985,232.54589999999985
5,763.0,1420.94,1777.14,1349.6354,427.5046000000002,427.5046000000002
7,368.0,1231.69,1550.04,1333.7929,216.24710000000005,216.24710000000005
6,659.0,322.1,972.58,962.711,9.869000000000028,9.869000000000028
14,1138.0,518.18,1696.86,2010.7538,313.89380000000006,-313.89380000000006
6,172.0,1977.78,1603.89,1471.0898,132.80020000000013,132.80020000000013
6,628.0,311.47,903.3,947.5027,44.20270000000005,-44.20270000000005
2,500.0,1246.48,1264.53,886.0568,378.4732,378.4732
8,7.0,2075.6,1422.12,1653.446,231.32600000000002,-231.32600000000002
5,942.0,2092.87,1696.72,1687.7767000000001,8.943299999999908,8.943299999999908
12,81.0,2485.34,1589.65,2247.3394,657.6893999999998,-657.6893999999998
4,166.0,791.52,866.18,782.6232,83.55679999999995,83.55679999999995
3,213.0,1724.85,1344.71,1081.7385,262.9715000000001,262.9715000000001
11,1004.0,167.15,1175.65,1519.9315000000001,344.28150000000005,-344.28150000000005
5,116.0,478.1,624.04,736.621,112.58100000000002,-112.58100000000002
13,112.0,2299.56,1807.67,2282.0195999999996,474.34959999999955,-474.34959999999955
1,43.0,2149.22,1134.47,996.2301999999999,138.23980000000017,138.23980000000017
2,660.0,1944.4,1531.2,1228.204,302.9960000000001,302.9960000000001
10,888.0,298.68,1171.54,1433.2587999999998,261.7187999999999,-261.7187999999999
10,860.0,2380.76,1759.97,2277.1116,517.1416000000002,-517.1416000000002
10,1187.0,1981.09,2013.21,2227.6969,214.48689999999988,-214.48689999999988
12,1139.0,124.65,1314.3,1649.7565,335.4565,-335.4565
5,966.0,359.51,927.98,985.4991,57.51909999999998,-57.51909999999998
10,796.0,1352.08,2000.19,1832.9527999999998,167.23720000000026,167.23720000000026
9,72.0,1281.32,1515.54,1450.5412,64.99880000000007,64.99880000000007
10,215.0,2440.91,1638.66,2076.0231,437.3630999999998,-437.3630999999998
7,671.0,1297.02,1703.2,1466.6281999999999,236.57180000000017,236.57180000000017
5,230.0,333.69,538.36,717.3129,178.9529,-178.9529
5,467.0,1243.31,1549.82,1173.2070999999999,376.6129000000001,376.6129000000001
13,247.0,2339.61,1705.9,2345.6901,639.7900999999997,-639.7900999999997
14,777.0,1248.61,1837.25,2183.8801,346.63009999999986,-346.63009999999986
11,740.0,1171.99,902.09,1839.5158999999999,937.4258999999998,-937.4258999999998
6,884.0,1798.31,1897.87,1646.7071,251.1628999999998,251.1628999999998
5,789.0,1853.31,1792.88,1536.0070999999998,256.8729000000003,256.8729000000003
4,825.0,874.99,784.52,1047.4959,262.9758999999999,-262.9758999999999
2,301.0,769.23,731.28,620.7343,110.54570000000001,110.54570000000001
12,1007.0,1353.77,1925.32,2107.4957,182.1757,-182.1757
5,865.0,644.79,1202.46,1067.1138999999998,135.3461000000002,135.3461000000002
14,81.0,1251.97,1682.62,1941.6576999999997,259.03769999999986,-259.03769999999986
8,1159.0,2175.27,1752.18,2097.5107,345.33069999999975,-345.33069999999975
11,496.0,373.98,1152.99,1426.9317999999998,273.94179999999983,-273.94179999999983
1,752.0,1632.35,1362.39,1032.4634999999998,329.92650000000026,329.92650000000026
5,1014.0,1853.57,1749.31,1614.8636999999999,134.44630000000006,134.44630000000006
9,686.0,145.66,972.95,1199.8206,226.87059999999997,-226.87059999999997
5,654.0,1272.89,1724.68,1250.7849,473.89509999999996,473.89509999999996
8,621.0,2391.34,1593.12,1997.7993999999999,404.6794,-404.6794
9,1080.0,539.51,1306.91,1499.1991,192.28909999999996,-192.28909999999996
10,714.0,269.06,1067.81,1360.2145999999998,292.40459999999985,-292.40459999999985
10,816.0,1425.64,1872.81,1870.1124,2.697599999999966,2.697599999999966
14,1122.0,1766.25,2239.35,2516.8624999999997,277.5124999999998,-277.5124999999998
4,1202.0,1074.87,1501.24,1261.3967,239.8433,239.8433
5,651.0,1573.3,1682.08,1372.9029999999998,309.17700000000013,309.17700000000013
14,1100.0,237.69,1265.57,1882.4529,616.8829000000001,-616.8829000000001
14,296.0,485.68,924.9,1702.7287999999999,777.8287999999999,-777.8287999999999
1,697.0,2148.5,1421.07,1224.835,196.2349999999999,196.2349999999999
6,1044.0,47.46,1133.45,984.8586,148.59140000000002,148.59140000000002
12,398.0,2481.44,1755.18,2356.6904000000004,601.5104000000003,-601.5104000000003
3,139.0,2428.89,1345.66,1344.4949000000001,1.1650999999999385,1.1650999999999385
6,84.0,852.7,1109.32,979.007,130.313,130.313
2,423.0,1639.17,1367.64,1020.1097,347.5303000000001,347.5303000000001
11,815.0,2385.6,1872.44,2363.346,490.90599999999995,-490.90599999999995
6,577.0,897.74,1257.31,1170.0234,87.28659999999991,87.28659999999991
8,200.0,1508.89,1461.33,1488.6449,27.31490000000008,-27.31490000000008
9,1102.0,540.6,1455.85,1507.346,51.496000000000095,-51.496000000000095
12,508.0,1970.54,1770.91,2185.7214,414.8113999999998,-414.8113999999998
13,1024.0,1712.85,2097.69,2360.6684999999998,262.9784999999997,-262.9784999999997
7,1161.0,1499.97,1862.45,1721.3377,141.1123,141.1123
2,730.0,285.24,624.78,572.4484,52.33159999999998,52.33159999999998
13,996.0,1809.2,1956.89,2390.372,433.48199999999974,-433.48199999999974
5,1160.0,1901.83,1673.89,1685.7503,11.860299999999825,-11.860299999999825
2,1139.0,306.43,726.14,724.2863,1.8537000000000035,1.8537000000000035
14,191.0,2442.76,1798.47,2468.3816,669.9116000000001,-669.9116000000001
7,776.0,2447.82,1826.93,1975.2062,148.27620000000002,-148.27620000000002
14,414.0,1919.7,1918.89,2331.9770000000003,413.0870000000002,-413.0870000000002
7,847.0,1994.62,1851.7,1814.2441999999999,37.45580000000018,37.45580000000018
6,924.0,1227.21,1871.76,1426.5560999999998,445.2039000000002,445.2039000000002
2,933.0,1589.58,1489.99,1178.2777999999998,311.71220000000017,311.71220000000017
1,211.0,958.08,891.9,566.6628,325.23720000000003,325.23720000000003
10,773.0,865.92,1837.11,1625.5772,211.53279999999995,211.53279999999995
3,196.0,1211.68,1229.87,865.3888000000001,364.48119999999983,364.48119999999983
14,49.0,954.02,1480.87,1808.2982000000002,327.4282000000003,-327.4282000000003
5,477.0,655.24,935.38,935.5984000000001,0.21840000000008786,-0.21840000000008786
5,828.0,1606.84,1690.82,1448.6044,242.2156,242.2156
11,458.0,1364.29,1649.04,1819.6589,170.61889999999994,-170.61889999999994
3,289.0,1245.67,1279.31,911.8747,367.4353,367.4353
1,1060.0,501.67,658.14,676.6847,18.544700000000034,-18.544700000000034
5,1085.0,2486.43,1664.83,1899.1862999999998,234.35629999999992,-234.35629999999992
4,675.0,381.48,779.68,792.6568,12.976800000000026,-12.976800000000026
8,415.0,1214.97,1473.75,1443.3877,30.362300000000005,30.362300000000005
6,425.0,709.75,1114.9,1039.7475,75.15250000000015,75.15250000000015
7,313.0,2408.02,1637.65,1796.8382,159.18819999999982,-159.18819999999982
13,235.0,426.07,897.26,1556.9387,659.6786999999999,-659.6786999999999
7,635.0,1406.31,1630.66,1498.8371,131.82290000000012,131.82290000000012
10,1009.0,2164.22,1889.87,2240.4802,350.6102000000001,-350.6102000000001
3,692.0,450.7,748.57,726.987,21.583000000000084,21.583000000000084
2,91.0,1073.76,1013.78,672.0916,341.6884,341.6884
8,1187.0,1045.91,2047.06,1644.2731,402.78689999999983,402.78689999999983
14,600.0,1120.05,1847.84,2069.2205,221.38049999999998,-221.38049999999998
5,210.0,710.49,483.34,864.8009,381.4609,-381.4609
12,10.0,1203.1,1564.9,1696.771,131.87099999999987,-131.87099999999987
1,452.0,275.05,282.89,370.9705,88.08050000000003,-88.08050000000003
4,256.0,2218.74,1476.03,1399.2833999999998,76.74660000000017,76.74660000000017
8,312.0,2383.17,1557.27,1886.2997,329.02970000000005,-329.02970000000005
2,1175.0,816.2,1237.62,945.892,291.72799999999984,291.72799999999984
11,960.0,383.64,1248.46,1593.2924,344.8324,-344.8324
6,690.0,1009.37,1559.83,1255.3417,304.4883,304.4883
14,487.0,579.29,1516.68,1807.9589,291.2789,-291.2789
8,75.0,315.71,593.83,955.6911,361.86109999999996,-361.86109999999996
13,360.0,271.93,1017.64,1537.4913,519.8512999999999,-519.8512999999999
11,708.0,1871.77,1916.37,2115.2257,198.85570000000007,-198.85570000000007
3,182.0,347.82,384.77,506.3062,121.53620000000001,-121.53620000000001
10,683.0,2442.92,1643.68,2240.6472,596.9671999999998,-596.9671999999998
5,392.0,1264.6,1465.72,1155.686,310.0340000000001,310.0340000000001
10,175.0,1443.25,1635.5,1652.9825,17.482500000000073,-17.482500000000073
7,577.0,1959.13,1603.6,1705.1933000000001,101.59330000000023,-101.59330000000023
13,799.0,951.92,1793.36,1969.9371999999998,176.57719999999995,-176.57719999999995
13,608.0,370.89,1170.54,1664.8649,494.32490000000007,-494.32490000000007
7,194.0,202.49,686.23,850.9209,164.69089999999994,-164.69089999999994
13,889.0,232.72,1394.38,1706.5652,312.1851999999999,-312.1851999999999
7,901.0,136.8,1222.6,1071.4379999999999,151.16200000000003,151.16200000000003
1,698.0,1525.82,1398.75,969.8861999999999,428.8638000000001,428.8638000000001
9,592.0,793.55,1235.69,1432.5555,196.86549999999988,-196.86549999999988
14,1015.0,871.76,1846.41,2112.6715999999997,266.2615999999996,-266.2615999999996
9,524.0,136.46,848.89,1139.3485999999998,290.4585999999998,-290.4585999999998
5,781.0,2114.27,1789.85,1640.2006999999999,149.64930000000004,149.64930000000004
3,200.0,58.24,494.63,393.8784,100.7516,100.7516
5,503.0,2335.55,1649.42,1633.6254999999999,15.794500000000198,15.794500000000198
11,667.0,2221.67,1872.89,2244.3347,371.4446999999998,-371.4446999999998
7,336.0,1843.58,1691.68,1573.4678,118.21220000000017,118.21220000000017
4,217.0,1506.46,1455.37,1093.5986,361.77139999999986,361.77139999999986
8,207.0,1146.93,1479.01,1342.6913000000002,136.3186999999998,136.3186999999998
7,690.0,1807.71,1710.98,1682.6610999999998,28.318900000000212,28.318900000000212
2,251.0,1916.43,1285.2,1073.5863,211.6137000000001,211.6137000000001
4,627.0,956.98,1337.63,1011.8118,325.81820000000016,325.81820000000016
1,432.0,581.71,448.34,489.7011,41.36110000000002,-41.36110000000002
4,1194.0,2250.51,1691.15,1740.6091000000001,49.459100000000035,-49.459100000000035
10,64.0,455.9,774.64,1209.319,434.679,-434.679
8,15.0,377.85,657.8,960.1685,302.36850000000004,-302.36850000000004
11,741.0,1207.39,1878.06,1854.3799,23.68010000000004,23.68010000000004
8,638.0,1007.48,1483.06,1436.3668,46.69319999999993,46.69319999999993
12,965.0,1700.28,1879.09,2234.8648,355.7747999999999,-355.7747999999999
8,1182.0,990.07,1840.75,1619.6287,221.12130000000002,221.12130000000002
13,1062.0,869.28,2090.54,2028.1048,62.435199999999895,62.435199999999895
1,754.0,1220.47,1346.14,864.2927,481.84730000000013,481.84730000000013
14,767.0,186.47,1292.77,1744.9027,452.1327000000001,-452.1327000000001
11,775.0,1752.23,1809.29,2089.6643,280.37429999999995,-280.37429999999995
8,592.0,1402.98,1561.41,1582.4217999999998,21.011799999999766,-21.011799999999766
6,957.0,727.75,1448.72,1233.3275,215.39249999999993,215.39249999999993
9,800.0,2167.72,1726.51,2068.7652,342.25519999999983,-342.25519999999983
6,1198.0,222.6,1107.96,1110.5659999999998,2.605999999999767,-2.605999999999767
3,1092.0,1737.65,1462.01,1394.6365,67.37349999999992,67.37349999999992
12,958.0,2499.84,1791.69,2560.2344000000003,768.5444000000002,-768.5444000000002
11,955.0,1282.19,2000.42,1959.9479000000001,40.472099999999955,40.472099999999955
11,605.0,1880.69,1711.55,2082.8329,371.2828999999999,-371.2828999999999
7,670.0,1558.02,1702.81,1573.2882,129.52179999999998,129.52179999999998
11,844.0,1962.77,1787.57,2200.1357,412.5656999999999,-412.5656999999999
3,718.0,1158.02,1416.98,1026.0882,390.8918000000001,390.8918000000001
6,323.0,1477.23,1608.55,1318.7142999999999,289.8357000000001,289.8357000000001
14,616.0,2374.41,1828.37,2589.1081,760.7381,-760.7381
8,752.0,1519.78,1662.92,1686.3098,23.389799999999923,-23.389799999999923
1,1166.0,1423.69,1412.13,1091.8129,320.3171000000002,320.3171000000002
3,1187.0,1632.14,1451.85,1384.6274,67.22259999999983,67.22259999999983
3,1013.0,166.52,711.07,722.8231999999999,11.753199999999879,-11.753199999999879
5,741.0,429.24,951.92,935.3383999999999,16.581600000000094,16.581600000000094
14,467.0,2176.26,1809.83,2455.7165999999997,645.8865999999998,-645.8865999999998
3,224.0,358.77,406.36,525.4956999999999,119.13569999999993,-119.13569999999993
3,712.0,512.23,751.16,759.2143,8.054300000000012,-8.054300000000012
12,218.0,901.03,1371.86,1645.7223,273.8623,-273.8623
6,373.0,587.38,956.61,971.3757999999999,14.7657999999999,-14.7657999999999
8,562.0,2479.33,1478.31,2013.2252999999998,534.9152999999999,-534.9152999999999
5,132.0,2387.03,1454.05,1524.8823,70.83230000000003,-70.83230000000003
3,98.0,871.46,866.05,691.5986,174.45139999999992,174.45139999999992
14,545.0,1206.76,1977.89,2085.5216,107.63159999999993,-107.63159999999993
1,869.0,1498.88,1398.94,1018.6908,380.2492000000001,380.2492000000001
2,875.0,393.25,640.56,667.4825,26.922500000000014,-26.922500000000014
8,888.0,2296.07,1718.71,2052.1886999999997,333.47869999999966,-333.47869999999966
1,716.0,1396.41,1376.59,923.1281,453.4618999999999,453.4618999999999
8,1025.0,1031.33,2214.64,1581.5953,633.0446999999999,633.0446999999999
9,1064.0,2016.76,1810.94,2099.2716,288.3316,-288.3316
4,463.0,1963.41,1607.34,1367.0481,240.29189999999994,240.29189999999994
1,678.0,1478.57,1370.31,943.5136999999999,426.7963000000001,426.7963000000001
1,436.0,1358.14,1154.03,809.4374,344.59259999999995,344.59259999999995
5,586.0,2135.36,1661.61,1580.5976,81.01239999999984,81.01239999999984
1,797.0,126.8,543.18,430.938,112.24199999999996,112.24199999999996
14,481.0,939.99,877.17,1953.7459,1076.5758999999998,-1076.5758999999998
7,172.0,1486.86,1557.94,1369.8126,188.12740000000008,188.12740000000008
10,1192.0,23.47,1157.87,1426.8227,268.95270000000005,-268.95270000000005
7,981.0,658.85,1351.69,1313.4785,38.211500000000115,38.211500000000115
10,692.0,1671.71,1701.23,1927.6011,226.37110000000007,-226.37110000000007
13,710.0,2223.86,1979.83,2460.2826,480.4526000000001,-480.4526000000001
12,380.0,1526.79,1787.41,1958.9839,171.57389999999987,-171.57389999999987
3,133.0,1728.5,1373.4,1055.235,318.1650000000002,318.1650000000002
4,730.0,799.25,1250.66,983.1925,267.4675000000001,267.4675000000001
12,1070.0,1055.51,2030.76,2007.2591,23.5009,23.5009
8,1185.0,554.98,1545.67,1442.2918,103.3782000000001,103.3782000000001
11,456.0,2223.72,1600.1,2171.3251999999998,571.2251999999999,-571.2251999999999
12,85.0,1056.43,1466.31,1662.8863000000001,196.57630000000017,-196.57630000000017
2,543.0,103.37,544.12,432.4317,111.68830000000003,111.68830000000003
6,367.0,1947.68,1606.76,1526.9988,79.76119999999992,79.76119999999992
1,481.0,1792.17,1215.84,1003.1397000000001,212.70029999999986,212.70029999999986
5,233.0,1862.04,1562.23,1344.9864,217.24360000000001,217.24360000000001
1,45.0,1070.22,922.69,554.5401999999999,368.14980000000014,368.14980000000014
5,152.0,2444.81,1523.75,1555.5721,31.82210000000009,-31.82210000000009
7,344.0,1242.05,1514.4,1329.6405,184.75950000000012,184.75950000000012
5,320.0,1584.55,1584.73,1261.6655,323.06449999999995,323.06449999999995
9,989.0,378.12,1193.72,1401.1792,207.4592,-207.4592
10,57.0,936.89,1237.07,1404.0749,167.00490000000013,-167.00490000000013
12,342.0,2253.61,1659.5,2243.6800999999996,584.1800999999996,-584.1800999999996
2,983.0,2109.93,1519.98,1409.1212999999998,110.85870000000023,110.85870000000023
10,886.0,1990.03,1749.93,2126.0123,376.0822999999998,-376.0822999999998
10,5.0,836.86,1116.56,1344.8626,228.30259999999998,-228.30259999999998
3,80.0,517.54,457.49,540.1913999999999,82.70139999999992,-82.70139999999992
8,482.0,1411.49,631.81,1547.4109,915.6009000000001,-915.6009000000001
4,11.0,312.01,426.22,531.7741,105.55409999999995,-105.55409999999995
12,1075.0,2328.11,1798.38,2530.7751,732.3950999999997,-732.3950999999997
13,632.0,268.91,1396.28,1631.4531,235.17309999999998,-235.17309999999998
8,323.0,46.48,703.45,932.1067999999999,228.65679999999986,-228.65679999999986
11,527.0,1550.32,1806.06,1920.0811999999999,114.02119999999991,-114.02119999999991
5,948.0,898.6,1499.68,1200.2259999999999,299.4540000000002,299.4540000000002
5,504.0,1502.63,1628.66,1292.4783000000002,336.18169999999986,336.18169999999986
10,793.0,1422.29,2007.62,1860.6888999999999,146.93110000000001,146.93110000000001
13,32.0,232.43,805.12,1406.4963,601.3763,-601.3763
9,768.0,1815.6,1666.18,1913.196,247.01599999999985,-247.01599999999985
9,994.0,1742.62,1849.58,1962.3741999999997,112.79419999999982,-112.79419999999982
1,1105.0,1432.3,1387.17,1073.993,313.17700000000013,313.17700000000013
12,178.0,507.59,907.19,1470.4118999999998,563.2218999999998,-563.2218999999998
10,472.0,431.95,924.65,1342.2995,417.6495000000001,-417.6495000000001
5,716.0,1111.23,1492.08,1206.2042999999999,285.87570000000005,285.87570000000005
3,771.0,725.67,1166.93,867.3746999999998,299.5553000000002,299.5553000000002
13,1054.0,1131.25,2162.03,2132.7125,29.31750000000011,29.31750000000011
10,872.0,2191.27,1776.62,2203.6207,427.00070000000005,-427.00070000000005
12,1077.0,32.55,1387.43,1590.2955,202.86549999999988,-202.86549999999988
12,211.0,749.56,1285.23,1581.1696,295.9395999999999,-295.9395999999999
4,199.0,1310.01,1400.57,1006.7541,393.81589999999994,393.81589999999994
2,1029.0,1702.6,1577.55,1258.216,319.33400000000006,319.33400000000006
10,643.0,2263.77,1685.92,2153.1957,467.27570000000014,-467.27570000000014
10,797.0,1706.73,1724.42,1978.7093,254.2892999999999,-254.2892999999999
12,657.0,322.5,1113.16,1562.175,449.0149999999999,-449.0149999999999
8,177.0,486.06,751.58,1061.2346,309.65459999999996,-309.65459999999996
2,222.0,456.24,437.4,464.7584,27.358400000000017,-27.358400000000017
3,555.0,2342.76,1458.63,1454.7816,3.8484000000000833,3.8484000000000833
2,785.0,1964.63,1522.76,1280.2483,242.51170000000002,242.51170000000002
5,104.0,281.67,464.68,651.8847,187.20469999999995,-187.20469999999995
1,673.0,2026.16,1372.83,1166.2756,206.5544,206.5544
10,877.0,1711.12,1897.37,2008.5092,111.13920000000007,-111.13920000000007
1,250.0,1300.17,1145.33,720.5697,424.7602999999999,424.7602999999999
1,467.0,296.49,221.23,385.0109,163.7809,-163.7809
10,1026.0,828.82,1865.67,1698.9162,166.75380000000018,166.75380000000018
11,1106.0,2250.54,2050.62,2409.8214,359.2013999999999,-359.2013999999999
12,452.0,816.56,1243.1,1692.9896,449.8896000000002,-449.8896000000002
14,865.0,2497.16,1885.87,2726.5856,840.7156,-840.7156
8,107.0,2450.89,1468.19,1842.3149,374.1249,-374.1249
8,80.0,1092.18,1365.73,1275.7938,89.9362000000001,89.9362000000001
8,945.0,766.98,1625.53,1445.2118,180.31819999999993,180.31819999999993
13,1140.0,1607.8,2214.64,2358.198,143.558,-143.558
2,636.0,1438.19,1435.96,1012.2579000000001,423.7021,423.7021
14,865.0,1422.11,1921.18,2285.8151,364.63509999999974,-364.63509999999974
12,482.0,1710.47,1746.74,2069.9927,323.2526999999998,-323.2526999999998
2,68.0,756.61,648.53,534.0101,114.5199,114.5199
14,512.0,526.84,1306.64,1795.2044,488.5644,-488.5644
14,1001.0,1647.24,2080.0,2425.7183999999997,345.71839999999975,-345.71839999999975
1,547.0,573.6,616.27,526.626,89.644,89.644
10,5.0,1338.9,1610.25,1550.699,59.55099999999993,59.55099999999993
3,1158.0,1107.4,1361.3,1159.3339999999998,201.96600000000012,201.96600000000012
1,993.0,1143.58,1328.85,916.4177999999999,412.43219999999997,412.43219999999997
6,378.0,837.63,1215.96,1075.7283,140.23170000000005,140.23170000000005
11,1156.0,2231.86,1988.56,2419.6626,431.10260000000017,-431.10260000000017
5,1050.0,882.86,1430.04,1229.4726,200.5673999999999,200.5673999999999
8,836.0,735.52,1606.63,1394.1632,212.46680000000015,212.46680000000015
11,654.0,1516.42,1870.43,1950.6322,80.20219999999995,-80.20219999999995
8,633.0,1308.36,1639.12,1557.9776,81.14239999999995,81.14239999999995
12,713.0,1642.01,1873.19,2122.7741,249.58410000000003,-249.58410000000003
5,96.0,1105.47,1312.16,986.8427,325.31730000000005,325.31730000000005
7,1054.0,576.47,1344.18,1305.2527,38.92730000000006,38.92730000000006
12,495.0,1948.13,1831.92,2171.9833,340.0632999999998,-340.0632999999998
1,1068.0,2011.28,1421.45,1298.4247999999998,123.02520000000027,123.02520000000027
7,1000.0,1620.46,1971.23,1714.3886,256.8414,256.8414
13,855.0,1798.75,1951.77,2336.7375,384.9675000000002,-384.9675000000002
8,544.0,1279.51,1483.77,1514.9991,31.229100000000017,-31.229100000000017
11,816.0,544.99,1077.12,1609.0458999999998,531.9259,-531.9259
5,1080.0,2383.82,1664.76,1855.3662,190.60619999999994,-190.60619999999994
8,1124.0,1908.69,1833.27,1975.9629,142.6929,-142.6929
3,29.0,1632.85,1269.1,979.6184999999999,289.4815,289.4815
6,470.0,2235.72,1628.6,1681.1452,52.54520000000002,-52.54520000000002
7,287.0,2293.5,1558.09,1740.785,182.69500000000016,-182.69500000000016
4,72.0,1367.29,1302.97,985.7889,317.1811,317.1811
6,344.0,233.31,800.18,816.0571,15.877100000000041,-15.877100000000041
8,801.0,1241.21,1780.65,1589.2460999999998,191.40390000000025,191.40390000000025
5,629.0,484.34,1029.87,918.7293999999999,111.14059999999995,111.14059999999995
11,327.0,961.08,1356.46,1608.4928,252.03279999999995,-252.03279999999995
14,94.0,105.94,1180.63,1476.3354000000002,295.70540000000005,-295.70540000000005
4,1113.0,2103.82,1695.08,1652.1162,42.96379999999999,42.96379999999999
14,267.0,2090.21,1968.4,2350.4361,382.0360999999998,-382.0360999999998
1,979.0,1292.54,1313.53,972.5913999999999,340.93860000000006,340.93860000000006
10,625.0,519.94,1229.41,1431.9254,202.5154,-202.5154
14,457.0,848.61,1492.64,1907.8801,415.2401,-415.2401
11,398.0,723.39,1154.77,1535.8899,381.1198999999999,-381.1198999999999
14,68.0,438.96,866.76,1603.7736,737.0136,-737.0136
3,769.0,2497.93,1587.8,1593.3012999999996,5.501299999999674,-5.501299999999674
13,694.0,1054.31,1815.02,1975.1671000000001,160.14710000000014,-160.14710000000014
12,1088.0,1977.91,1883.21,2391.7430999999997,508.53309999999965,-508.53309999999965
9,101.0,950.23,1281.64,1324.9442999999999,43.304299999999785,-43.304299999999785
1,170.0,2452.85,1209.08,1165.1684999999998,43.91150000000016,43.91150000000016
12,1135.0,475.95,1447.39,1792.3895,344.9994999999999,-344.9994999999999
3,1109.0,2092.26,1436.66,1545.9766,109.31659999999988,-109.31659999999988
7,753.0,358.13,1084.79,1110.3833,25.5933,-25.5933
2,521.0,467.19,667.85,573.8979,93.95209999999997,93.95209999999997
12,1003.0,983.23,1996.18,1954.1743,42.00570000000016,42.00570000000016
3,269.0,708.05,799.12,684.4504999999999,114.66950000000008,114.66950000000008
14,646.0,2418.19,1931.21,2617.5579,686.3478999999998,-686.3478999999998
14,1153.0,346.58,1292.93,1945.6478,652.7177999999999,-652.7177999999999
4,18.0,289.06,380.88,524.8145999999999,143.93459999999993,-143.93459999999993
13,1167.0,1074.36,2197.33,2148.9375999999997,48.39240000000018,48.39240000000018
1,1113.0,1536.0,1403.6,1119.31,284.28999999999996,284.28999999999996
6,930.0,1907.95,1788.75,1707.7595000000001,80.99049999999988,80.99049999999988
5,714.0,617.72,1164.2,1003.1652,161.03480000000002,161.03480000000002
7,256.0,2180.53,1548.87,1683.6173,134.7473,-134.7473
9,1063.0,2497.79,1761.94,2296.1439,534.2039,-534.2039
11,512.0,2016.19,1710.53,2105.8379,395.3079,-395.3079
9,463.0,1024.53,1476.48,1482.1073,5.627299999999877,-5.627299999999877
12,714.0,2003.23,1829.06,2271.2243,442.1642999999999,-442.1642999999999
9,1165.0,1868.79,1945.95,2073.9539,128.00389999999993,-128.00389999999993
1,872.0,2420.07,1456.34,1397.4287000000002,58.911299999999756,58.911299999999756
10,631.0,1220.71,1730.86,1721.3410999999999,9.51890000000003,9.51890000000003
9,633.0,888.17,1384.78,1485.6997,100.91969999999992,-100.91969999999992
4,1065.0,119.34,781.82,821.6794,39.85939999999994,-39.85939999999994
12,947.0,193.05,1225.63,1610.6005,384.9704999999999,-384.9704999999999
4,159.0,568.58,647.0,688.7678,41.767799999999966,-41.767799999999966
1,292.0,449.83,363.02,386.6303,23.610299999999995,-23.610299999999995
1,1115.0,926.13,1192.88,869.9633,322.9167000000001,322.9167000000001
7,1168.0,667.94,1639.55,1382.6554,256.89459999999985,256.89459999999985
4,348.0,2047.08,1507.04,1361.1028,145.93720000000008,145.93720000000008
8,77.0,1930.98,1485.69,1618.6517999999999,132.9617999999998,-132.9617999999998
7,1033.0,1013.03,2119.83,1476.8923,642.9377,642.9377
4,672.0,1603.52,1612.43,1292.6432,319.7868000000001,319.7868000000001
4,1191.0,999.45,1478.93,1226.6245,252.30550000000017,252.30550000000017
8,392.0,661.27,978.13,1208.3207,230.1907,-230.1907
7,951.0,584.4,1253.76,1272.454,18.69399999999996,-18.69399999999996
5,778.0,2423.47,1643.96,1765.9226999999998,121.96269999999981,-121.96269999999981
11,958.0,1999.13,1900.18,2254.9433,354.76329999999984,-354.76329999999984
3,186.0,1068.31,1152.04,803.1071000000001,348.9328999999999,348.9328999999999
5,1116.0,2460.46,1711.97,1899.3885999999998,187.41859999999974,-187.41859999999974
13,63.0,107.92,710.25,1366.2972,656.0472,-656.0472
6,170.0,476.99,600.23,855.0659,254.83590000000004,-254.83590000000004
3,870.0,413.23,795.8,773.9243,21.875699999999938,21.875699999999938
12,852.0,1957.9,1944.89,2300.939,356.04899999999975,-356.04899999999975
6,420.0,386.77,929.16,905.5757,23.584299999999985,23.584299999999985
6,668.0,1922.45,1796.98,1622.0044999999998,174.97550000000024,174.97550000000024
8,795.0,1645.99,644.69,1753.1059,1108.4159,-1108.4159
4,420.0,927.74,1238.04,927.3734,310.6666,310.6666
12,1074.0,2407.71,1843.97,2563.0611,719.0910999999999,-719.0910999999999
12,916.0,2394.85,1740.85,2502.4885,761.6385,-761.6385
4,1075.0,586.17,1023.65,1016.5797,7.070299999999975,7.070299999999975
5,1143.0,1217.72,1745.09,1399.3152,345.7747999999999,345.7747999999999
2,719.0,591.44,755.3,694.1404,61.159599999999955,61.159599999999955
4,197.0,1858.84,1416.33,1231.0744,185.25559999999996,185.25559999999996
6,248.0,395.4,710.15,848.914,138.764,-138.764
10,834.0,1820.8,1883.49,2038.4279999999999,154.93799999999987,-154.93799999999987
1,1112.0,2011.44,1423.85,1313.8904,109.95959999999991,109.95959999999991
12,1189.0,1453.16,2162.13,2211.9456,49.815599999999904,-49.815599999999904
14,269.0,1349.61,1832.34,2047.4901,215.15010000000007,-215.15010000000007
7,671.0,1262.85,1600.42,1452.6184999999998,147.80150000000026,147.80150000000026
9,52.0,350.58,601.81,1061.9378,460.1278,-460.1278
14,976.0,1526.58,1995.87,2367.4978,371.6278000000002,-371.6278000000002
2,370.0,1554.5,1311.23,966.8449999999999,344.3850000000001,344.3850000000001
4,1180.0,1948.55,1565.16,1611.9054999999998,46.745499999999765,-46.745499999999765
5,36.0,2022.94,1410.58,1342.0054,68.57459999999992,68.57459999999992
5,691.0,1030.64,1465.26,1164.4124,300.84760000000006,300.84760000000006
8,52.0,2353.5,1485.05,1783.135,298.08500000000004,-298.08500000000004
11,24.0,2029.04,1569.37,1940.3064,370.93640000000005,-370.93640000000005
8,221.0,936.98,1287.0,1261.5117999999998,25.488200000000234,25.488200000000234
1,85.0,89.83,175.53,166.5803,8.949700000000007,8.949700000000007
7,803.0,12.75,1146.78,986.2774999999999,160.50250000000005,160.50250000000005
12,893.0,910.41,1862.13,1885.8181,23.68809999999985,-23.68809999999985
14,113.0,1091.13,1703.02,1886.9133,183.89329999999995,-183.89329999999995
5,516.0,1878.49,669.85,1450.7808999999997,780.9308999999997,-780.9308999999997
14,904.0,2005.96,1970.01,2538.8436,568.8336000000002,-568.8336000000002
1,1058.0,1601.04,1465.9,1126.7264,339.1736000000001,339.1736000000001
14,555.0,313.73,1201.26,1722.8793,521.6193000000001,-521.6193000000001
7,738.0,730.28,1429.72,1257.7148,172.00520000000006,172.00520000000006
8,792.0,2437.24,1556.7,2076.4683999999997,519.7683999999997,-519.7683999999997
5,831.0,432.8,901.36,968.298,66.93799999999999,-66.93799999999999
7,709.0,320.8,1116.62,1079.6779999999999,36.94200000000001,36.94200000000001
9,1078.0,161.85,1260.96,1343.6585,82.69849999999997,-82.69849999999997
2,616.0,968.93,1163.1,812.8612999999999,350.2387,350.2387
2,570.0,2297.12,1423.86,1341.3192,82.54079999999999,82.54079999999999
9,13.0,986.41,1271.52,1308.9781,37.45810000000006,-37.45810000000006
7,381.0,2106.96,1705.27,1697.2035999999998,8.066400000000158,8.066400000000158
9,460.0,2424.47,1624.68,2055.0326999999997,430.3526999999997,-430.3526999999997
4,425.0,1286.54,1449.26,1076.2314000000001,373.02859999999987,373.02859999999987
11,437.0,1053.24,1630.47,1684.7784,54.30839999999989,-54.30839999999989
9,1000.0,1901.79,1778.65,2029.7339,251.08389999999986,-251.08389999999986
1,553.0,1687.11,1295.34,985.2650999999998,310.07490000000007,310.07490000000007
10,5.0,1094.06,1361.08,1450.3146,89.2346,-89.2346
12,931.0,864.21,1663.58,1880.1761,216.59609999999998,-216.59609999999998
6,436.0,914.53,1389.11,1127.5573,261.55269999999996,261.55269999999996
3,1074.0,247.32,636.02,777.3012,141.2812,-141.2812
9,896.0,1398.54,1727.1,1787.0013999999999,59.90139999999997,-59.90139999999997
1,462.0,2047.57,1202.9,1101.2037,101.69630000000006,101.69630000000006
3,665.0,2418.16,1490.96,1524.1956,33.23559999999998,-33.23559999999998
11,532.0,2419.86,1653.69,2278.3426,624.6525999999999,-624.6525999999999
9,483.0,52.64,949.04,1090.6324,141.5924,-141.5924
12,296.0,326.83,981.72,1437.6002999999998,455.8802999999998,-455.8802999999998
9,131.0,1990.0,1557.2,1761.75,204.54999999999995,-204.54999999999995
6,836.0,2035.17,1718.79,1727.0196999999998,8.229699999999866,-8.229699999999866
10,532.0,1223.36,1631.49,1687.7776,56.287599999999884,-56.287599999999884
14,595.0,2140.61,1989.13,2485.9001,496.77009999999973,-496.77009999999973
7,623.0,1894.02,1739.49,1694.5982,44.8918000000001,44.8918000000001
5,1077.0,2234.35,1665.23,1793.0335,127.80349999999999,-127.80349999999999
5,579.0,1018.52,1468.01,1120.2432,347.7668000000001,347.7668000000001
8,255.0,1817.19,1510.91,1634.2979,123.38789999999995,-123.38789999999995
8,1009.0,1378.07,1903.76,1718.1587,185.60130000000004,185.60130000000004
10,87.0,498.96,781.97,1235.0236,453.05359999999996,-453.05359999999996
1,809.0,1734.56,1447.25,1094.3195999999998,352.9304000000002,352.9304000000002
9,1079.0,1981.94,1763.16,2090.2454,327.0853999999997,-327.0853999999997
8,1134.0,1049.84,2073.13,1627.3343999999997,445.7956000000004,445.7956000000004
8,403.0,654.97,895.14,1209.5876999999998,314.4476999999998,-314.4476999999998
8,534.0,429.88,916.02,1163.1508,247.1307999999999,-247.1307999999999
13,564.0,2245.56,1745.09,2418.0796,672.9896000000001,-672.9896000000001
2,752.0,958.29,1144.41,856.0989,288.3111000000001,288.3111000000001
11,293.0,1410.0,1673.7,1780.6499999999999,106.94999999999982,-106.94999999999982
5,919.0,470.23,1119.17,1014.4443,104.72570000000007,104.72570000000007
5,103.0,333.22,573.58,672.6702,99.09019999999998,-99.09019999999998
1,893.0,19.76,570.71,420.6516,150.05840000000006,150.05840000000006
12,37.0,52.65,789.01,1234.5365,445.52649999999994,-445.52649999999994
8,1142.0,776.74,1827.44,1518.1634000000001,309.2765999999999,309.2765999999999
5,332.0,218.03,801.73,705.5923,96.1377,96.1377
7,950.0,1739.62,2032.23,1745.7441999999999,286.48580000000015,286.48580000000015
9,223.0,1916.03,1623.73,1763.6222999999998,139.89229999999975,-139.89229999999975
6,522.0,1210.87,1577.01,1279.1567,297.8533,297.8533
12,46.0,2077.07,1666.29,2067.6987,401.40869999999995,-401.40869999999995
2,252.0,1545.94,1300.19,922.0354,378.1546000000001,378.1546000000001
14,999.0,619.42,1510.57,2003.6122,493.0422000000001,-493.0422000000001
13,125.0,2004.61,1721.56,2165.6401,444.08010000000013,-444.08010000000013
9,597.0,625.99,990.84,1365.6059,374.7659,-374.7659
3,289.0,853.79,969.85,751.2038999999999,218.64610000000016,218.64610000000016
7,953.0,1918.24,1833.56,1820.0284,13.531600000000026,13.531600000000026
4,275.0,2359.64,1483.58,1463.7024,19.87760000000003,19.87760000000003
5,755.0,1584.41,1729.08,1413.8581,315.2219,315.2219
9,803.0,880.17,1589.75,1541.9197,47.83030000000008,47.83030000000008
11,293.0,285.14,966.87,1319.4574,352.5874,-352.5874
6,164.0,1460.21,1535.3,1256.0861,279.21389999999997,279.21389999999997
12,675.0,2277.93,1807.33,2370.2012999999997,562.8712999999998,-562.8712999999998
11,859.0,146.71,1267.98,1460.8011000000001,192.82110000000011,-192.82110000000011
2,296.0,1878.7,1354.0,1073.867,280.13300000000004,280.13300000000004
7,300.0,2417.85,1634.04,1796.3184999999999,162.2784999999999,-162.2784999999999
2,1155.0,1517.18,1543.17,1226.2938,316.87620000000015,316.87620000000015
5,765.0,480.48,1038.42,964.7468,73.67320000000007,73.67320000000007
9,1097.0,2330.2,1728.07,2239.332,511.26199999999994,-511.26199999999994
4,422.0,2049.71,1491.9,1388.0811,103.81889999999999,103.81889999999999
14,1020.0,510.33,1406.95,1966.2353,559.2853,-559.2853
4,205.0,545.57,682.22,695.4337,13.213700000000017,-13.213700000000017
12,1046.0,1850.85,1875.72,2324.9485,449.22849999999994,-449.22849999999994
4,1001.0,739.08,1116.31,1053.3727999999999,62.937200000000075,62.937200000000075
9,938.0,742.17,1632.1,1532.5897,99.51029999999992,99.51029999999992
5,351.0,407.74,883.11,790.0234,93.08659999999998,93.08659999999998
9,748.0,653.42,1249.66,1429.7022,180.04219999999987,-180.04219999999987
13,1186.0,2462.26,1906.35,2724.6266,818.2766000000001,-818.2766000000001
6,384.0,1656.04,1682.33,1413.3764,268.9535999999998,268.9535999999998
10,150.0,418.41,844.9,1224.0481,379.1481,-379.1481
10,783.0,158.93,993.55,1339.2113,345.6613,-345.6613
6,372.0,2494.69,1742.34,1753.0229000000002,10.682900000000245,-10.682900000000245
10,958.0,1643.76,1827.18,2009.2416,182.0616,-182.0616
8,34.0,1225.2,1438.52,1314.232,124.28800000000001,124.28800000000001
7,151.0,2461.93,1516.58,1762.2412999999997,245.66129999999976,-245.66129999999976
7,150.0,1379.35,1500.09,1318.0335,182.05649999999991,182.05649999999991
6,751.0,2085.98,1757.81,1718.1018,39.70820000000003,39.70820000000003
7,568.0,159.12,738.92,964.0391999999999,225.11919999999998,-225.11919999999998
12,574.0,2240.9,1785.72,2319.6690000000003,533.9490000000003,-533.9490000000003
13,36.0,808.38,1190.16,1644.0357999999999,453.8757999999998,-453.8757999999998
14,595.0,1818.77,1889.9,2353.9457,464.0457000000001,-464.0457000000001
7,381.0,2342.27,1705.24,1793.6807,88.44069999999988,-88.44069999999988
14,174.0,815.3,1295.14,1795.173,500.0329999999999,-500.0329999999999
11,226.0,2013.45,1590.82,2004.6145,413.79449999999997,-413.79449999999997
13,137.0,1505.66,1777.72,1965.2706,187.55060000000003,-187.55060000000003
13,774.0,206.45,1110.0,1655.5445,545.5445,-545.5445
5,1120.0,1514.91,1658.97,1513.1131,145.8569,145.8569
4,862.0,2335.55,1698.94,1659.2755,39.66450000000009,39.66450000000009
8,829.0,1147.89,2004.34,1560.7849,443.5550999999998,443.5550999999998
4,380.0,446.66,764.24,716.1306,48.10940000000005,48.10940000000005
9,238.0,1197.83,1560.78,1474.4102999999998,86.3697000000002,86.3697000000002
13,1199.0,493.0,1634.13,1921.7800000000002,287.6500000000001,-287.6500000000001
12,710.0,1249.41,1921.09,1960.7581,39.668100000000095,-39.668100000000095
14,719.0,1973.14,1980.99,2460.6374,479.64740000000006,-479.64740000000006
1,482.0,1697.08,1198.24,964.5028,233.73720000000003,233.73720000000003
9,444.0,725.31,1062.52,1352.7770999999998,290.2570999999998,-290.2570999999998
11,610.0,1990.79,1753.56,2129.7239,376.1639,-376.1639
4,238.0,1707.28,1483.48,1183.2848,300.1952000000001,300.1952000000001
2,299.0,1612.7,1282.8,965.857,316.943,316.943
10,273.0,799.9,1155.05,1423.5089999999998,268.45899999999983,-268.45899999999983
3,154.0,274.04,406.91,466.2564,59.34639999999996,-59.34639999999996
7,636.0,697.02,1276.06,1208.3781999999999,67.68180000000007,67.68180000000007
2,1038.0,685.07,962.14,844.1786999999999,117.96130000000005,117.96130000000005
2,798.0,2334.41,1485.4,1436.4080999999999,48.991900000000214,48.991900000000214
12,601.0,2166.56,1918.46,2298.6396,380.17959999999994,-380.17959999999994
6,290.0,814.04,1077.35,1035.2564,42.093599999999924,42.093599999999924
8,16.0,259.02,543.56,911.7982000000001,368.2382000000001,-368.2382000000001
8,303.0,1072.44,1453.25,1345.7504,107.4996000000001,107.4996000000001
11,372.0,2048.26,1632.61,2069.9865999999997,437.3765999999998,-437.3765999999998
3,864.0,2338.52,1513.04,1561.1932000000002,48.1532000000002,-48.1532000000002
11,913.0,2253.41,1758.56,2343.4480999999996,584.8880999999997,-584.8880999999997
14,805.0,834.06,1683.49,2023.7146,340.2246,-340.2246
5,905.0,2317.31,1691.38,1766.8471,75.46709999999985,-75.46709999999985
10,728.0,226.53,1060.47,1347.6773,287.20730000000003,-287.20730000000003
4,842.0,893.25,1324.64,1060.9325,263.7075000000002,263.7075000000002
5,117.0,953.06,1116.8,931.7046,185.09539999999993,185.09539999999993
12,307.0,957.17,1432.75,1699.8897,267.13969999999995,-267.13969999999995
9,51.0,314.81,704.94,1046.9221,341.98209999999995,-341.98209999999995
7,1071.0,841.11,1699.9,1419.7051,280.1949000000002,280.1949000000002
13,922.0,1510.22,1967.87,2241.8902,274.02019999999993,-274.02019999999993
8,867.0,2373.39,1747.22,2076.5398999999998,329.31989999999973,-329.31989999999973
11,1013.0,1483.3,1952.8,2062.7029999999995,109.90299999999957,-109.90299999999957
6,1148.0,1525.81,1776.48,1627.3821,149.09789999999998,149.09789999999998
12,158.0,2195.67,1625.46,2155.5247,530.0646999999999,-530.0646999999999
5,1010.0,2054.21,1810.37,1695.7260999999999,114.64390000000003,114.64390000000003
1,682.0,1517.04,1376.04,960.6864,415.3535999999999,415.3535999999999
5,14.0,78.33,406.7,537.0153,130.31530000000004,-130.31530000000004
6,1203.0,1900.48,1972.88,1800.2468,172.63320000000022,172.63320000000022
4,810.0,1852.31,1575.87,1442.9470999999999,132.92290000000003,132.92290000000003
3,760.0,2073.25,1522.45,1416.0324999999998,106.41750000000025,106.41750000000025
7,868.0,625.09,1403.48,1260.0869,143.3931,143.3931
7,205.0,103.31,683.1,814.1071,131.00709999999992,-131.00709999999992
5,387.0,1882.35,1588.8,1407.2135,181.5864999999999,181.5864999999999
11,447.0,130.07,852.02,1309.7787,457.7587000000001,-457.7587000000001
9,482.0,1348.44,1633.26,1621.5604,11.699599999999919,11.699599999999919
7,15.0,2436.67,1459.63,1704.2847,244.65469999999982,-244.65469999999982
10,955.0,1182.33,1950.3,1819.0052999999998,131.29470000000015,131.29470000000015
5,41.0,2314.68,1500.28,1463.3687999999997,36.911200000000235,36.911200000000235
2,1189.0,1164.74,1666.52,1093.6934,572.8265999999999,572.8265999999999
2,762.0,519.74,752.69,679.7934,72.89660000000003,72.89660000000003
10,895.0,937.46,1714.8,1697.6086,17.19139999999993,17.19139999999993
13,858.0,2258.01,1889.71,2526.0841,636.3741,-636.3741
11,650.0,524.8,1179.09,1542.668,363.578,-363.578
4,198.0,2106.63,1450.67,1333.0183,117.65170000000012,117.65170000000012
1,791.0,1927.75,1419.88,1167.2275,252.65250000000015,252.65250000000015
14,1020.0,1201.75,2337.73,2249.7174999999997,88.01250000000027,88.01250000000027
12,59.0,2247.39,1629.92,2142.0799,512.1599000000001,-512.1599000000001
8,626.0,545.84,1142.89,1242.8944,100.0043999999998,-100.0043999999998
5,57.0,559.05,639.73,749.1605,109.43049999999994,-109.43049999999994
5,908.0,716.7,1375.88,1111.647,264.2330000000002,264.2330000000002
13,8.0,78.44,713.71,1334.9604,621.2503999999999,-621.2503999999999
11,684.0,672.51,1487.93,1615.1291,127.19910000000004,-127.19910000000004
4,180.0,2365.46,1443.02,1432.8386,10.18139999999994,10.18139999999994
13,511.0,1628.33,1915.79,2146.4653,230.67529999999988,-230.67529999999988
4,231.0,20.39,499.26,489.20989999999995,10.050100000000043,10.050100000000043
9,1139.0,1973.31,1759.33,2107.7071,348.37710000000015,-348.37710000000015
9,578.0,1167.71,1587.21,1581.0611,6.14890000000014,6.14890000000014
14,530.0,2028.06,2079.14,2417.0046,337.86460000000034,-337.86460000000034
7,316.0,141.89,837.8,868.7749,30.974900000000048,-30.974900000000048
2,897.0,2382.39,1437.95,1490.7299,52.7799,-52.7799
12,121.0,608.92,1033.44,1492.0071999999998,458.56719999999973,-458.56719999999973
4,764.0,1417.94,1682.1,1248.7554,433.3445999999999,433.3445999999999
11,663.0,2141.08,1715.29,2209.8928,494.6028000000001,-494.6028000000001
3,91.0,1640.15,1338.3,1004.3115,333.98849999999993,333.98849999999993
1,1035.0,1289.84,1317.33,991.0844,326.24559999999997,326.24559999999997
7,125.0,193.62,616.24,823.1342,206.89419999999996,-206.89419999999996
12,437.0,639.96,1183.74,1615.3336000000002,431.59360000000015,-431.59360000000015
4,84.0,2243.12,1392.1,1349.0792000000001,43.02079999999978,43.02079999999978
5,716.0,1316.6,1686.98,1290.406,396.57400000000007,396.57400000000007
12,18.0,2461.37,1556.78,2215.4617,658.6816999999999,-658.6816999999999
3,560.0,1664.15,1419.48,1178.3015,241.17849999999999,241.17849999999999
3,504.0,63.39,568.17,502.38989999999995,65.7801,65.7801
5,1126.0,664.9,1336.74,1166.7089999999998,170.03100000000018,170.03100000000018
1,1092.0,390.55,589.11,642.3254999999999,53.215499999999906,-53.215499999999906
11,273.0,502.37,862.61,1401.5217,538.9117,-538.9117
4,6.0,458.7,459.21,590.167,130.95700000000005,-130.95700000000005
1,620.0,490.45,678.74,518.0844999999999,160.65550000000007,160.65550000000007
5,659.0,2083.15,1645.06,1584.7415,60.31849999999986,60.31849999999986
12,353.0,2150.17,1765.67,2205.1197,439.4497000000001,-439.4497000000001
13,618.0,1982.27,2000.39,2329.0307000000003,328.64070000000015,-328.64070000000015
2,1158.0,2355.92,1528.91,1571.2272,42.31719999999996,-42.31719999999996
3,512.0,1251.6,1360.76,992.356,368.404,368.404
5,840.0,941.55,1676.48,1180.0355,496.44450000000006,496.44450000000006
7,1086.0,2319.81,1858.36,2031.2221,172.86210000000005,-172.86210000000005
13,1152.0,864.45,1797.14,2057.6245,260.4844999999998,-260.4844999999998
4,840.0,1375.42,1580.95,1257.9222,323.02780000000007,323.02780000000007
4,724.0,89.99,667.98,690.2959,22.315899999999942,-22.315899999999942
3,327.0,2141.92,1438.41,1292.6372,145.7728000000002,145.7728000000002
13,1055.0,2005.84,1997.52,2491.6444,494.12440000000015,-494.12440000000015
1,931.0,327.97,609.73,560.3177,49.41230000000007,49.41230000000007
10,108.0,2181.67,1632.42,1932.2847,299.86469999999986,-299.86469999999986
13,1204.0,24.47,1344.17,1731.4326999999998,387.26269999999977,-387.26269999999977
5,517.0,919.25,1288.31,1057.8425,230.46749999999997,230.46749999999997
8,897.0,1536.36,1944.62,1743.8576,200.76239999999984,200.76239999999984
12,988.0,2492.79,1753.84,2567.8439,814.0038999999999,-814.0038999999999
1,1041.0,1630.25,1466.95,1132.7524999999998,334.1975000000002,334.1975000000002
10,454.0,2359.42,1619.0,2126.2622,507.2622000000001,-507.2622000000001
5,406.0,1084.16,1399.39,1086.6055999999999,312.78440000000023,312.78440000000023
4,103.0,1790.07,1394.55,1169.9787,224.57130000000006,224.57130000000006
11,198.0,269.95,695.66,1279.9795,584.3195,-584.3195
4,477.0,18.97,631.5,574.7276999999999,56.77230000000009,56.77230000000009
11,67.0,2455.53,1572.91,2130.2173,557.3072999999997,-557.3072999999997
7,789.0,185.73,966.26,1052.2993000000001,86.03930000000014,-86.03930000000014
13,70.0,993.7,1492.02,1731.917,239.89699999999993,-239.89699999999993
12,59.0,858.62,1377.35,1572.6842000000001,195.33420000000024,-195.33420000000024
3,1027.0,180.0,804.96,733.25,71.71000000000004,71.71000000000004
3,275.0,543.74,572.73,619.1834,46.45339999999999,-46.45339999999999
12,180.0,384.42,873.97,1420.6122,546.6422,-546.6422
3,334.0,2449.89,1472.53,1421.3548999999998,51.17510000000016,51.17510000000016
7,759.0,1694.02,1960.92,1660.1981999999998,300.72180000000026,300.72180000000026
10,174.0,1991.96,1542.4,1877.6036,335.2035999999998,-335.2035999999998
1,780.0,366.37,516.69,523.2117,6.521699999999896,-6.521699999999896
9,934.0,415.5,1208.82,1397.255,188.43500000000017,-188.43500000000017
8,936.0,556.28,1277.26,1355.6747999999998,78.41479999999979,-78.41479999999979
1,1002.0,2320.13,1475.4,1401.9533,73.44670000000019,73.44670000000019
7,83.0,137.84,482.65,785.5644,302.9144,-302.9144
9,191.0,789.52,1058.5,1290.5531999999998,232.05319999999983,-232.05319999999983
3,280.0,1090.37,1256.92,845.0517,411.8683000000001,411.8683000000001
5,644.0,2383.17,1785.53,1702.4996999999998,83.03030000000012,83.03030000000012
10,498.0,992.86,1395.03,1581.3726,186.34259999999995,-186.34259999999995
4,317.0,1793.28,1518.93,1246.1948,272.7352000000001,272.7352000000001
4,1100.0,370.61,860.32,936.9501,76.63009999999997,-76.63009999999997
4,263.0,2469.06,1503.98,1504.3645999999999,0.38459999999986394,-0.38459999999986394
4,932.0,1287.34,1513.28,1254.0094,259.27060000000006,259.27060000000006
14,343.0,2013.4,1839.05,2345.5440000000003,506.49400000000037,-506.49400000000037
2,274.0,888.24,917.79,660.0784,257.7116,257.7116
1,759.0,330.29,500.92,501.0689,0.14889999999996917,-0.14889999999996917
8,204.0,2178.45,1506.38,1764.5645,258.18449999999984,-258.18449999999984
10,396.0,2068.65,1556.68,1986.7464999999997,430.0664999999997,-430.0664999999997
6,840.0,870.82,1496.46,1251.0362,245.42380000000003,245.42380000000003
7,756.0,1473.59,1961.96,1568.7718999999997,393.1881000000003,393.1881000000003
4,1048.0,279.75,780.15,881.4975,101.34749999999997,-101.34749999999997
9,800.0,39.96,1158.68,1196.3836000000001,37.70360000000005,-37.70360000000005
3,240.0,1895.67,1386.33,1161.2247,225.10529999999994,225.10529999999994
13,997.0,920.48,2124.16,2026.3468,97.81319999999982,97.81319999999982
2,826.0,2163.39,1523.26,1376.0899,147.17010000000005,147.17010000000005
6,194.0,914.25,1168.72,1042.7425,125.97749999999996,125.97749999999996
4,333.0,1934.76,1467.52,1309.8016,157.71839999999997,157.71839999999997
8,1053.0,1864.01,1794.57,1932.7940999999998,138.2240999999999,-138.2240999999999
12,466.0,1291.33,1770.37,1892.5452999999998,122.17529999999988,-122.17529999999988
8,916.0,2417.62,1755.05,2111.8242,356.77420000000006,-356.77420000000006
11,322.0,1251.3,1732.46,1725.733,6.727000000000089,6.727000000000089
13,11.0,1114.96,1555.48,1760.9836,205.5036,-205.5036
7,250.0,364.79,718.71,937.0639,218.35389999999995,-218.35389999999995
5,247.0,296.51,594.93,708.0191,113.08910000000003,-113.08910000000003
14,1158.0,2104.61,1899.69,2668.1901,768.5000999999997,-768.5000999999997
11,1095.0,1071.83,2159.33,1922.7003,236.62969999999996,236.62969999999996
11,1149.0,270.81,1284.51,1613.1821,328.6721,-328.6721
9,14.0,1057.38,1372.31,1338.4258,33.884199999999964,33.884199999999964
4,184.0,983.77,1202.69,867.7456999999999,334.9443000000001,334.9443000000001
6,135.0,2488.22,1561.2,1667.4202,106.22019999999998,-106.22019999999998
5,717.0,1508.97,1722.49,1369.6277,352.8623,352.8623
1,389.0,1964.96,1228.94,1041.7836,187.15640000000008,187.15640000000008
3,1136.0,1296.54,1536.6,1229.1814,307.41859999999997,307.41859999999997
13,145.0,2202.42,1716.13,2253.7422,537.6122,-537.6122
1,1122.0,861.5,1081.05,845.915,235.135,235.135
14,383.0,97.95,1203.93,1574.2095,370.27949999999987,-370.27949999999987
1,309.0,1211.37,1110.55,704.8116999999999,405.7383000000001,405.7383000000001
14,1090.0,2248.68,1905.5,2703.4588,797.9587999999999,-797.9587999999999
3,278.0,994.9,1167.78,805.209,362.571,362.571
7,1109.0,2397.29,1917.57,2071.0389,153.46890000000008,-153.46890000000008
12,643.0,2194.16,1758.03,2324.6556,566.6256000000001,-566.6256000000001
11,176.0,1050.67,1444.13,1592.3746999999998,148.24469999999974,-148.24469999999974
7,309.0,1021.75,1309.85,1227.0675,82.7824999999998,82.7824999999998
3,992.0,1897.41,1539.0,1425.1381,113.8619000000001,113.8619000000001
3,175.0,440.19,431.17,541.7279,110.55789999999996,-110.55789999999996
5,895.0,2329.69,1791.96,1768.4229,23.53710000000001,23.53710000000001
8,372.0,348.37,950.24,1073.0317,122.79169999999999,-122.79169999999999
5,567.0,193.11,718.3,777.6251,59.32510000000002,-59.32510000000002
8,978.0,710.43,1624.58,1433.5763,191.00369999999998,191.00369999999998
1,1082.0,1809.49,446.94,1220.5909,773.6508999999999,-773.6508999999999
11,636.0,2238.97,1699.94,2240.5777,540.6376999999998,-540.6376999999998
6,370.0,315.09,946.39,858.6868999999999,87.70310000000006,87.70310000000006
8,413.0,222.83,802.95,1035.9103,232.96029999999996,-232.96029999999996
3,399.0,141.39,546.04,497.6199,48.42009999999999,48.42009999999999
